DATE,OPEN,HIGH,LOW,CLOSE,VOLUME,LOG_RETURNS
2023-05-04,23.42303729567101,24.753369311327788,23.166144763367164,24.67997169494629,77004200,
2023-05-05,24.459775866739637,24.799240894869897,24.04691323116729,24.31298065185547,11292000,-0.01498166122891469
2023-05-08,24.157011842837186,24.634097192357753,23.77167394513782,24.32215690612793,6308300,0.0003773508143328222
2023-05-09,24.322159138434166,24.6249245322762,23.918471363332372,24.111141204833984,4684000,-0.008713717409490042
2023-05-10,24.11114101955609,24.560701646355614,23.86342340378781,24.083616256713867,9602400,-0.001142238391167228
2023-05-11,23.8817708996647,24.157011501299795,23.854246139526367,23.854246139526367,5687300,-0.009569549250817377
2023-05-12,23.872595007202964,24.42307793798709,23.76249772107134,24.31298065185547,5433800,0.019048154237141856
2023-05-15,24.312980617176404,25.501105589032125,24.312980617176404,25.230451583862305,7083200,0.0370412702539889
2023-05-16,25.267154387881675,25.478172316336096,24.76254424382525,24.799243927001953,3818400,-0.017238495287595728
2023-05-17,25.046961770171936,25.41395163122287,24.4047330132075,24.97356414794922,3392200,0.0070046654165416685
2023-05-18,24.973559674543846,25.09283188300189,24.496476090522773,24.80841636657715,2648100,-0.0066348660901699484
2023-05-19,24.808418345774193,25.009344382270253,24.48730312422494,24.982736587524414,1794300,0.0070020846208949565
2023-05-22,25.07448613402604,25.16623359782259,23.81754990486912,23.918472290039062,7509400,-0.043533990269499834
2023-05-23,23.863421059572477,24.09278881091408,23.67992615852437,23.854246139526367,2485000,-0.0026888228813019928
2023-05-24,23.863421182808008,24.35885461829711,23.725800881279763,24.267108917236328,1953600,0.017159654291619787
2023-05-25,24.312985009311816,24.441430407871636,23.762501979868237,24.157014846801758,2139400,-0.004547083212604689
2023-05-26,24.248758291398335,24.248758291398335,24.03774038589612,24.129486083984375,844100,-0.0011402261613194756
2023-05-30,24.111139353454803,24.312982350538512,23.056046266594944,23.606529235839844,6340200,-0.021911245302798293
2023-05-31,23.50560841749004,23.50560841749004,22.9276006920945,23.01934814453125,6347800,-0.02518825032903593
2023-06-01,23.212020273918128,23.52396061672433,22.70741182228672,23.19367218017578,6072700,0.007544404640399776
2023-06-02,23.175319567349582,23.579007330381767,22.909252115596924,23.44138526916504,2329400,0.01062357086193755
2023-06-05,23.468910897621342,23.643230898309312,22.780807565888967,23.074398040771484,4737300,-0.015779368501613312
2023-06-06,22.936774689385206,23.294587814559765,22.84502724064026,23.092744827270508,1315000,0.0007947984789649067
2023-06-07,23.02851982080003,23.170726689604425,22.854199860719927,23.010169982910156,1626600,-0.0035822000843736277
2023-06-08,22.92760334741393,23.083573509638676,22.762458263889222,23.037700653076172,2711800,0.0011957414345571359
2023-06-09,22.982647891410238,23.08357026157183,22.799154741042056,23.028522491455078,1874000,-0.0003984768498924822
2023-06-12,22.945952794922466,23.120272796745635,22.707410095042675,22.955127716064453,2619800,-0.0031922145103842406
2023-06-13,22.927605841972543,23.138623805018835,22.900081075077917,23.05605125427246,2039800,0.004386920845030714
2023-06-14,23.056048417040945,23.386338579381594,23.046875245809066,23.24871826171875,2412000,0.008321739696786885
2023-06-15,23.30376649690081,23.808376671500547,23.101923477023306,23.624881744384766,1442900,0.01605046585308519
2023-06-16,23.71662816850377,24.092791177661276,23.57900785416714,24.083616256713867,2333000,0.019231318100457508
2023-06-20,23.80837350686237,24.20288457282896,23.79919858673239,23.90929412841797,1487500,-0.00726452692810535
2023-06-21,24.028571507340377,24.496482034967563,23.64323352870255,24.03774642944336,3605900,0.005358103726323097
2023-06-22,24.037742726718562,24.404730804620343,24.03682400969356,24.358856201171875,1130700,0.013270125027175093
2023-06-23,24.35885656119632,24.533176557002566,24.10196577783682,24.294633865356445,2793400,-0.002639990390316067
2023-06-26,24.395554808290992,24.404729728576147,23.872596601596886,23.991867065429688,2507300,-0.012540596730126896
2023-06-27,23.87259672304368,23.918469574765716,23.11109583487288,23.753324508666992,2904600,-0.009992400647244113
2023-06-28,23.7625009382122,23.8725982392496,23.551483006989184,23.670753479003906,1807900,-0.003482244319973379
2023-06-29,23.615704035748028,24.056089708923782,23.588179274948125,23.84507179260254,1353900,0.007337306872083499
2023-06-30,23.89094951778098,24.459780649192528,23.82672506751692,24.239587783813477,3936600,0.01640959288939553
2023-07-03,24.13866319919888,24.404730647677376,23.670752746656724,23.890947341918945,7558600,-0.01448754055779075
2023-07-05,23.77167619452932,24.083616510276453,23.50561048400221,23.579008102416992,1990700,-0.013142785863093242
2023-07-06,23.441386969813152,23.6753430909051,23.285416805730964,23.505611419677734,4856900,-0.003117652555507454
2023-07-07,23.505610214388636,23.533133227267697,23.129445455648145,23.138620376586914,1793700,-0.01573607719166235
2023-07-10,23.221193100842715,23.418449527760945,23.028525009399193,23.16614532470703,2121200,0.0011888604097312332
2023-07-11,23.377157991023385,23.44138067370109,22.94135896579155,23.010169982910156,1942600,-0.006755668310529724
2023-07-12,23.18449516673134,23.276242626915653,22.900077865166256,23.16614532470703,2320900,0.006755668310529644
2023-07-13,23.322114184264944,23.39551179834068,22.826678976800835,23.30376434326172,2477900,0.005922947638978695
2023-07-14,23.42303720082465,23.496434816908938,22.679884369291862,22.881729125976562,3830200,-0.018276169975080005
2023-07-17,22.845032313262863,22.991827563875102,22.698237062650627,22.835857391357422,1709200,-0.0020067441659730365
2023-07-18,22.707409119371505,22.964301650497344,22.702822533966224,22.7624568939209,1713500,-0.0032194418581259635
2023-07-19,22.82667981474442,22.973476798221817,22.478041572570802,22.936777114868164,2870800,0.00762905857033882
2023-07-20,21.973433621652443,22.584467962435387,20.633924901010783,22.48721694946289,36675600,-0.01979459770930073
2023-07-21,22.615663410905213,22.826681354612152,21.81746449342685,22.02848243713379,14587900,-0.020610739933849386
2023-07-24,21.257805284069743,22.39546922882262,21.21193242941781,22.166101455688477,22641600,0.006227888182069006
2023-07-25,22.331248753997222,23.046876907348633,22.15692873909033,23.046876907348633,15018100,0.038966107744783325
2023-07-26,23.01934705116791,23.147792428516247,22.28078263154091,22.652359008789062,10716400,-0.01726627116960904
2023-07-27,22.89090545993502,22.93677831659328,21.982607498653092,22.239500045776367,11476200,-0.018394007830564735
2023-07-28,22.230323261773332,22.41381817290592,22.065178191741435,22.386293411254883,13214600,0.006578881116129683
2023-07-31,22.028482960086322,22.09270566187504,21.555985868408712,21.725717544555664,14630700,-0.029952171165611205
2023-08-01,21.56974719394196,21.80828990567102,21.45047496310875,21.698192596435547,14685500,-0.0012677325333960647
2023-08-02,21.60644366454002,21.945908740876337,21.441300336796747,21.92755889892578,16233200,0.010515276324804358
2023-08-03,22.046829609973578,22.4184042593396,21.78993709009197,22.010129928588867,16111000,0.003758555767108217
2023-08-04,22.037655321534366,22.037655321534366,21.349552025274495,21.58809471130371,20999100,-0.019360806715943733
2023-08-07,21.716541440987317,21.72204674368027,21.395426199582605,21.597270965576172,15379100,0.0004249705550358356
2023-08-08,21.60644202290656,21.60644202290656,21.294501733196956,21.450471878051758,20150600,-0.006820318412907971
2023-08-09,21.377074235953355,21.505521369731618,21.156881399395473,21.422948837280273,40849100,-0.0012839210911161703
2023-08-10,21.789939609606474,21.918385009430526,21.202758639053865,21.441301345825195,51365500,0.0008563084429547016
2023-08-11,21.377075107727393,21.83581064008152,21.331202254466852,21.762413024902344,46063200,0.014865277067466504
2023-08-14,21.652318040429428,21.744065499274676,20.964214723995887,21.04678726196289,89481200,-0.03343638418276663
2023-08-15,21.028435616907558,21.80828632531005,20.771543104158187,21.340375900268555,105996500,0.01385293619356287
2023-08-16,21.551394294747386,21.60644206659064,20.92751371406681,21.03761100769043,86179200,-0.014289024378029112
2023-08-17,21.21192842703733,21.367898553336754,20.688968533019086,20.899988174438477,71709300,-0.006563243006631765
2023-08-18,21.065133800741016,21.1018334815483,20.514652588128566,20.982563018798828,93537500,0.003943167214084859
2023-08-21,21.25780172572604,21.734887033970676,20.927511627720225,21.01008415222168,178017500,0.0013107598218844066
2023-08-22,21.322026210562502,21.854159330062515,21.21193066856227,21.78076171875,90542700,0.03602457001570093
2023-08-23,21.88168750234756,22.06518068427076,21.670669555664062,21.670669555664062,119406800,-0.005067377319394061
2023-08-24,21.982605652722338,22.111052790466626,21.230279667102618,21.707365036010742,372341300,0.0016918926569866781
2023-08-25,21.466791672732278,21.550068158188463,21.11517945306044,21.25397300720215,86974600,-0.021107762604080062
2023-08-28,21.207709077440175,21.466791672732278,20.920868830233207,21.25397300720215,39395000,0.0
2023-08-29,21.03190022927186,21.397391227314564,20.883853555482126,21.152189254760742,59445800,-0.004800431940647766
2023-08-30,21.133683518334855,21.41127059755653,20.957877426904805,21.346500396728516,36094000,0.009144399396066536
2023-08-31,21.36500785415904,21.58707788278835,21.290984511282602,21.32799530029297,36119700,-0.0008672673123927005
2023-09-01,21.46679226961273,21.587079549251897,21.161445736068547,21.244720458984375,27566400,-0.003912127569580757
2023-09-05,21.207708154647815,21.263225220917676,20.902361642880017,20.920867919921875,28465000,-0.015361289608788195
2023-09-06,20.967132364575985,21.013396293465465,20.634026429033298,20.708049774169922,24727700,-0.010224623247001617
2023-09-07,20.763567190707132,20.893107594648367,19.394132751783584,19.421892166137695,102648300,-0.06412161065061107
2023-09-08,19.30160698039434,19.82902355597115,18.852839440013167,19.7087345123291,59635700,0.014661021735601564
2023-09-11,20.47672448989604,20.522990178873627,19.98632054072267,20.421207427978516,42830600,0.03551202692207164
2023-09-12,20.430460798644162,20.46747335024811,19.44039798636141,19.486661911010742,43697200,-0.04684371369586462
2023-09-13,19.514422920546814,20.27316264191925,19.505169781889133,19.9863224029541,35434500,0.025317932780900304
2023-09-14,20.19914028719244,20.19914028719244,19.889168068823533,20.115863800048828,22195700,0.006460587810256571
2023-09-15,20.097356658431536,20.236151974278705,19.616205799318347,19.63471031188965,32265200,-0.024209813298129258
2023-09-18,19.754998352879024,19.754998352879024,19.273845753203496,19.505168914794922,18035300,-0.006619431263562894
2023-09-19,19.347868372207145,19.52367446261469,19.14430463295224,19.486661911010742,21142800,-0.0009492760294646466
2023-09-20,19.66246684737631,19.801260378033753,19.320107824556167,19.329360961914062,15623200,-0.008104993688529965
2023-09-21,19.357121559365854,19.67172118937755,19.162809192661875,19.283098220825195,20599600,-0.0023962609067139378
2023-09-22,19.3848832875142,19.454279182950014,18.96850085547606,19.0147647857666,14865900,-0.014013201000101144
2023-09-25,18.977750431338357,19.292350039842685,18.94073788217056,19.27384376525879,16272000,0.013533160038996779
2023-09-26,19.05177570076981,19.29235200024026,18.949992945071173,19.098039627075195,23574200,-0.009163238952844283
2023-09-27,19.16281249785789,19.246088988686584,18.5428680336868,18.70941925048828,25270500,-0.020558592179790083
2023-09-28,18.616888636201153,18.764935316958347,18.45958881728968,18.607635498046875,32556800,-0.005455093148923751
2023-09-29,18.75568011456723,18.80657148638688,18.52435698073642,18.57987403869629,27974900,-0.001493053170464535
2023-10-02,18.7279213976892,18.949991402619645,18.630766101442543,18.801944732666016,25296300,0.011881353753008634
2023-10-03,18.866715891123334,19.05177512041896,18.422575858640567,18.496599197387695,24924500,-0.016373419695176018
2023-10-04,18.431833354592367,18.49660357070335,18.08947422890515,18.256027221679688,19610400,-0.01309160379049397
2023-10-05,18.330046885499602,18.417950816676466,18.11722999976049,18.283782958984375,18014900,0.0015192056283694206
2023-10-06,18.200506686917787,18.746429497329977,17.94142410685339,18.57062339782715,25090300,0.015566455103139993
2023-10-09,18.38556671142578,18.621515573208157,18.200507465625506,18.38556671142578,16032800,-0.010015006017800875
2023-10-10,18.43183010520258,18.57987679160134,18.16349438307001,18.219013214111328,13937900,-0.009100208064792207
2023-10-11,18.348553214704197,18.394817141352192,17.913666303703764,18.10797691345215,20414700,-0.00611317623965815
2023-10-12,18.135736247969813,18.24677037737512,17.798004643340526,17.87665367126465,14461500,-0.012856957257782839
2023-10-13,17.932169692567903,18.033952442646836,17.811882431901896,17.92291831970215,16410700,0.0025846495709362883
2023-10-16,17.922921338105283,18.24677238861342,17.6684644200548,18.08022117614746,15272000,0.00873834113352292
2023-10-17,17.84889303825462,18.41332025891946,17.589810504849932,18.30228614807129,18750100,0.01220739008566874
2023-10-18,18.31154316483705,18.579877126957175,18.219013542953792,18.561370849609375,18294200,0.014056606893175847
2023-10-19,18.552115850170644,18.699237740074665,18.339298976583564,18.357805252075195,18831500,-0.011027746662455913
2023-10-20,18.385564983119522,18.53361165990054,18.24676967938867,18.265275955200195,24057700,-0.005053069851463918
2023-10-23,18.06171208285395,18.325420334231964,17.973808155824226,18.209758758544922,19716500,-0.0030441226423855144
2023-10-24,18.209757682517438,18.508627134075812,18.181998270644858,18.48734474182129,21650900,0.015128784087598856
2023-10-25,18.505856710841492,18.615966078230162,18.246774081541542,18.256027221679688,24711200,-0.01259114576607283
2023-10-26,17.4417688529002,17.700849695805175,17.1179160344131,17.29372215270996,60514900,-0.054151729927147875
2023-10-27,17.21506599218186,17.3122212780309,16.733913483898036,16.84957504272461,43215400,-0.026018117836122685
2023-10-30,16.96986473580316,17.464896086333315,16.488712208137553,17.247451782226562,39398800,0.02333897333181401
2023-10-31,17.404754104421986,17.469524306994614,17.117913879519353,17.2104434967041,81622600,-0.002148030194686857
2023-11-01,17.19193729562996,17.488030660034095,17.030011788488846,17.469524383544922,20218100,0.014941519420086135
2023-11-02,17.580560040420316,17.80725751221485,17.376996296352957,17.793376922607422,15439000,0.01836840603719088
2023-11-03,18.033952442646836,18.237516177949143,17.858146355652924,17.92291831970215,16874300,0.007253941891278141
2023-11-06,18.00619421519226,18.08021932183736,17.802630466485265,17.9044132232666,13242000,-0.0010330157052836327
2023-11-07,17.96985755151412,18.334491682748123,17.938070453025585,18.32514190673828,12172600,0.023226760385827123
2023-11-08,18.28774521964736,18.423314314775986,17.867015943324684,17.91376304626465,13552100,-0.022704688958178062
2023-11-09,18.025956827544114,18.044654596919436,17.801567545452794,17.969858169555664,10423400,0.0031265054687735308
2023-11-10,17.997909212195278,18.058681872492066,17.84831634322446,17.9044132232666,14475400,-0.0036485768964226967
2023-11-13,17.904415030512723,17.941814143174273,17.75949792716883,17.857667922973633,14283900,-0.0026142397431643777
2023-11-14,17.988556464526372,18.325141255774355,17.876362722968626,18.147499084472656,16003900,0.01609976822639916
2023-11-15,18.315792130728443,18.484084532330684,18.222296153917483,18.32514190673828,16026300,0.009741231902592453
2023-11-16,18.287742849567323,18.362539274550294,18.203596648550548,18.334491729736328,12665000,0.0005100881963791305
2023-11-17,18.287743053007738,18.521482106590664,18.2129466271927,18.399938583374023,12840900,0.003563246922659812
2023-11-20,18.42798633204738,18.586928961570877,18.194247275882674,18.46538543701172,18248800,0.003550595261681367
2023-11-21,18.456036110358667,18.73652405456147,18.437336557420977,18.605628967285156,17662900,0.007566245573928559
2023-11-22,18.699125474981184,18.988961420522873,18.671076144785186,18.73652458190918,21322700,0.007010637485985961
2023-11-24,18.811319712929414,19.161928291364113,18.811319712929414,18.932863235473633,12663700,0.010424402567582777
2023-11-27,18.876767973841435,18.95156440562839,18.708475556498886,18.848718643188477,32839900,-0.004454272543601763
2023-11-28,18.839368866304156,18.932864851859748,18.773922211401523,18.848718643188477,19154500,0.0
2023-11-29,18.914165051413278,19.03571036603664,18.755222413027976,18.773921966552734,13457500,-0.003976157652257437
2023-11-30,18.90481454349728,19.129203827253296,18.736523918145902,19.110506057739258,47302700,0.01776946176401402
2023-12-01,18.98896152600527,19.437741895196314,18.98896152600527,19.34424591064453,17798700,0.01215676708734061
2023-12-04,19.278799057006836,19.493838570950064,19.166603520047833,19.278799057006836,22516200,-0.003389008625946513
2023-12-05,19.25075017985016,19.30684705800565,18.84871868927934,18.858068466186523,19199000,-0.022065140013503785
2023-12-06,18.904810993807647,18.93286031774324,17.969854928733906,18.12879753112793,37456400,-0.039439159900996376
2023-12-07,18.31579214010251,19.99684370518092,18.231645939258325,19.456438064575195,60070800,0.07067632343135778
2023-12-08,19.521886070806623,19.634081607495983,19.260099457344047,19.26944923400879,24536000,-0.009657120692262895
2023-12-11,19.166601482711123,19.372291198103103,18.979609535418504,19.250747680664062,18094900,-0.0009709999590882019
2023-12-12,19.316196732851747,19.549935804433485,19.04506033712648,19.40034294128418,17755000,0.007740842765325939
2023-12-13,19.484488217201893,19.671480178833008,19.180626725373205,19.671480178833008,19393500,0.013879136847120443
2023-12-14,19.75562456896245,19.877169878818272,19.47513841024325,19.69017791748047,19302400,0.0009500483952215984
2023-12-15,19.51253731482581,19.69017771465058,19.428391111419344,19.624731063842773,38178500,-0.003329368719823186
2023-12-18,19.727576913645418,19.75562445938927,19.521885400657187,19.643430709838867,16832900,0.0009524075772823332
2023-12-19,20.802777679809367,20.854200561647275,19.853797605742013,20.073511123657227,50883800,0.021658123988012094
2023-12-20,19.998713135327172,20.269851297276833,19.535910801361354,19.58733367919922,24956700,-0.02451797491097478
2023-12-21,19.680828634615313,19.85847082401216,19.559285104999084,19.839771270751953,14647200,0.012805456622673203
2023-12-22,19.867821123028268,20.026763763344,19.830422015524523,19.970666885375977,9577700,0.0065759681321509635
2023-12-26,19.86782092460804,20.003390013023797,19.760301166539964,19.90522003173828,8128600,-0.0032825307454395717
2023-12-27,19.886521174366887,20.14830780029297,19.877171397257005,20.14830780029297,10852400,0.012138294246774785
2023-12-28,20.124934005495135,20.241803543022154,19.99871469097144,20.073511123657227,8146900,-0.0037192133451843926
2023-12-29,20.017412622716915,20.157655699726256,19.942616196092768,20.129608154296875,9359200,0.002790682317874205
2024-01-02,20.05481368703521,20.433469853626526,20.02676435557792,20.167007446289062,35216200,0.0018562006844989032
2024-01-03,20.026763470253595,20.195055884982313,19.807048175103596,19.886520385742188,18892500,-0.014005839726254979
2024-01-04,19.90522064414555,19.99404085138116,19.5312366944874,19.540586471557617,16729000,-0.01754847460100022
2024-01-05,19.634083881707223,20.017415852925154,19.577050772432425,19.961318969726562,24854100,0.02130268928595879
2024-01-08,19.867823732761664,20.24180594048549,19.867823732761664,20.223106384277344,14321000,0.01302948173650173
2024-01-09,20.120259363000628,20.438144637536492,20.120259363000628,20.428794860839844,18106300,0.010119587304478083
2024-01-10,20.382045730667024,20.47554171321436,20.14830666594246,20.3539981842041,17925900,-0.003668054829719763
2024-01-11,20.279204130397428,20.51294322250297,20.064162810361637,20.50359344482422,16607600,0.0073227972153209475
2024-01-12,20.569038792952476,20.606437901281364,20.045463759361496,20.110910415649414,16986400,-0.019337686226829447
2024-01-16,20.036113060213765,20.096885716807623,19.708878010545956,19.84912109375,12962400,-0.013102745787483324
2024-01-17,19.69017575315215,19.863143922527726,19.563956460616183,19.615379333496094,14488900,-0.011845810335874661
2024-01-18,19.531236877760048,19.643432420367812,19.381644009808127,19.577985763549805,9154600,-0.0019081587508370166
2024-01-19,19.587334725164723,19.587334725164723,19.19465301731881,19.362943649291992,15841800,-0.011044641382343248
2024-01-22,19.185302485657928,19.344245117896044,18.960913201901917,19.110506057739258,20041600,-0.013122879084329528
2024-01-23,19.25542267904345,19.6153810371795,19.222699354057212,19.54993438720703,16013200,0.02273369106605468
2024-01-24,19.512539427361254,19.610709414201395,19.082458587466668,19.101158142089844,12345100,-0.023222961346825936
2024-01-25,19.260099854992657,19.437742048715304,19.11144143454285,19.40034294128418,12613600,0.015541774372997898
2024-01-26,19.53123463069319,19.62473060822835,19.43774043644548,19.484487533569336,14121400,0.004327894585006514
2024-01-29,19.484488217201893,19.736926830417644,19.46578866438128,19.671480178833008,10817100,0.009551242262113666
2024-01-30,19.587333428473634,19.615380973635283,19.36574747862936,19.512537002563477,10593500,-0.008112697954442038
2024-01-31,19.58733495842716,19.596682952019567,19.381643433642203,19.409692764282227,13225600,-0.005284613869384685
2024-02-01,19.42839266760429,19.63408241280248,19.204003368309632,19.53123664855957,11400600,0.006242495020575934
2024-02-02,19.372295751753956,19.5592877430009,19.288149534021606,19.475141525268555,12678900,-0.0028762045895084102
2024-02-05,19.40034205616285,19.40034205616285,18.935669045585712,19.147903442382812,12643400,-0.016945629935508712
2024-02-06,19.11050465877555,19.400340572832338,19.07310555591022,19.26009750366211,13267100,0.005842240034927638
2024-02-07,19.390992467996018,19.390992467996018,19.082456975920728,19.185302734375,26170300,-0.0038909655348958673
2024-02-08,18.558880036507077,18.74119620143655,18.044653081198785,18.072702407836914,44119600,-0.05974185771846238
2024-02-09,17.951158892313046,18.33916476939343,17.838963369047878,18.072702407836914,24589600,0.0
2024-02-12,18.20359655519743,18.362539180382072,18.049329709649424,18.315792083740234,17750800,0.01336099751183896
2024-02-13,18.325237597506675,18.499988073561727,18.03241213460985,18.183547973632812,16678500,-0.007246415336996489
2024-02-14,18.155208765084375,18.29217617797617,17.95684365814971,18.032411575317383,15853000,-0.008346446019011956
2024-02-15,18.05130620228562,18.192995839011704,17.9473996279018,17.99462890625,18646500,-0.0020974624845083974
2024-02-16,17.956845843907736,18.041859986279682,17.867109494373558,17.99462890625,16387600,0.0
2024-02-20,17.93795239008614,18.070195803273233,17.805708976899048,18.004074096679688,15817600,0.0005247517192860251
2024-02-21,18.04186072501743,18.263840504360886,17.852940000526157,18.23077964782715,12660700,0.01251328408338108
2024-02-22,18.192996636966264,18.249672133806218,17.90017113466467,18.126874923706055,11359000,-0.005715715615921674
2024-02-23,18.089089178045565,18.254395254836005,17.99462882011981,18.117427825927734,13774600,-0.0005213011301400503
2024-02-26,18.079643097716193,18.081533061595106,17.79626382349452,17.890724182128906,17420200,-0.012591961909284372
2024-02-27,17.86238377147278,17.91905926038839,17.682909287945144,17.871829986572266,15954200,-0.001056646973561408
2024-02-28,17.881276229805685,18.107979987506134,17.673463100652622,18.079641342163086,16447700,0.011560788053203324
2024-02-29,18.09853306461216,18.197715616912127,17.852936886287544,17.947397232055664,19298500,-0.0073414140765861976
2024-03-01,17.77737045288086,17.890723237594,17.654573254316237,17.77737045288086,14618600,-0.009518777811270739
2024-03-04,17.720695650033072,18.022967352106576,17.5790060148963,17.90961456298828,18745500,0.007411369460200338
2024-03-05,17.86238397942075,18.136318815451002,17.786816059426425,17.956844329833984,19216100,0.002633646900354191
2024-03-06,17.94739994188334,18.665296155760455,17.937953725712145,18.495267868041992,17447900,0.029543566477327747
2024-03-07,18.59917255233328,19.109255561921444,18.575557915148135,18.70307731628418,22510900,0.011173164242224044
2024-03-08,18.599174557746636,19.01479726172646,18.580282125288957,18.910892486572266,11932700,0.011050005406912533
2024-03-11,18.94867535539556,19.213164002044902,18.910892292549374,19.033689498901367,12106400,0.006472462448950545
2024-03-12,19.07147347959382,19.259448307367656,19.00535177141616,19.024242401123047,12156700,-0.0004964588195266899
2024-03-13,19.080922187811595,19.411530771886994,19.080922187811595,19.279287338256836,23717400,0.013317242989748844
2024-03-14,19.137592912206294,19.241499470805508,18.811706617074037,18.958118438720703,18494000,-0.01679907127754726
2024-03-15,18.703078531444213,19.28400909369418,18.703078531444213,19.213163375854492,68562300,0.013363383176671713
2024-03-18,18.9959051280949,19.250945739370028,18.863659913035203,19.08091926574707,18907400,-0.006906792208951717
2024-03-19,19.213162679125386,19.26983817033304,18.986458912613397,19.08091926574707,18217300,0.0
2024-03-20,19.043137320099177,19.284011347561716,18.962847178732765,19.279287338256836,13173300,0.010342480309827297
2024-03-21,19.288732864945217,19.761032884359466,19.288732864945217,19.562665939331055,18323600,0.014591626070247804
2024-03-22,19.628785662919157,19.71379979412239,19.402081913604288,19.458757400512695,10408800,-0.005325730100270749
2024-03-25,19.562662655704184,19.746861145770243,19.425697042341977,19.5059871673584,11924700,0.00242423198200723
2024-03-26,19.572110368014226,19.85549143478495,19.49654244387832,19.770477294921875,14484300,0.013468326606759633
2024-03-27,19.84604468650039,20.27111357272785,19.817706040079344,20.261669158935547,13286700,0.024541103069172846
2024-03-28,20.384465219696665,20.384465219696665,20.176653895911375,20.2711124420166,14405400,0.0004659578187790002
2024-04-01,20.25222474255107,20.290007806120848,19.94050681095385,20.053857803344727,10457500,-0.010775295773870675
2024-04-02,20.072748930070844,20.119978206880795,19.6476782320556,19.66657066345215,15495100,-0.019501270682375362
2024-04-03,19.600449216233507,19.62878786370567,19.109256803471336,19.213163375854492,15066200,-0.02332463709132561
2024-04-04,19.373745926440442,19.439867637182456,19.033689354988375,19.052581787109375,12183400,-0.008393017342833615
2024-04-05,19.005349936439114,19.184822612255598,18.939226432964293,19.12814712524414,11313100,0.003958302470984622
2024-04-08,19.12815158230547,19.137597799288656,18.939230846005096,18.94867706298828,9262800,-0.009426804631182792
2024-04-09,18.977014255983505,19.317070834525857,18.88255389509046,19.222610473632812,10106700,0.014353097895888114
2024-04-10,19.024241583613478,19.16593301125561,18.901444388229155,19.118701934814453,11808100,-0.005420200127823142
2024-04-11,18.85421331641284,18.873105746993936,18.278008597140115,18.372468948364258,25410000,-0.03981372357544544
2024-04-12,18.363021493582107,18.45748183843024,18.056025823245974,18.070194244384766,9414800,-0.016589437207313835
2024-04-15,18.23077629012223,18.278007363386905,17.956843271911985,18.070194244384766,13423300,0.0
2024-04-16,18.022965219179188,18.10797935053655,17.805707684235376,18.05130386352539,20306600,-0.0010459357208876781
2024-04-17,18.259115750611684,18.27800818076241,17.99462713354547,18.20244026184082,10022900,0.008337747039337366
2024-04-18,18.29690273349146,18.523606516555574,18.19299615728984,18.495267868041992,11215700,0.015959243031842808
2024-04-19,18.41025372418276,18.599174444243612,18.311071156907495,18.495267868041992,9506100,0.0
2024-04-22,18.495267868041992,18.618065074904486,18.117428229601803,18.495267868041992,17453800,0.0
2024-04-23,18.5141592575363,18.622788034864023,18.197717339510845,18.29690170288086,19765100,-0.0107831687875374
2024-04-24,18.202439447844643,18.278007363386905,18.04657960859304,18.070194244384766,22713800,-0.012467885562755117
2024-04-25,18.155210336037825,18.226056052748284,17.93795278059184,17.966291427612305,14246300,-0.0057665503591155225
2024-04-26,17.947400362780527,18.022968292240765,17.79154049482292,17.815156936645508,15454700,-0.008447695477188058
2024-04-29,17.805708976899048,18.018244320722147,17.734863261730887,18.004074096679688,13240500,0.010548462728893834
2024-04-30,17.862384590995365,18.004074220625743,17.701802530299233,17.77737045288086,26872700,-0.012671745380180148
2024-05-01,17.84349290088626,17.95684569030641,17.607342907802295,17.805709838867188,12771100,0.0015928577147257589
2024-05-02,17.890724579668642,18.192996292670102,17.890724579668642,18.060752868652344,22724700,0.014222050874870221
2024-05-03,18.03241164465157,18.278007826811127,18.01824322315355,18.13631820678711,15941000,0.004175224440211602
2024-05-06,18.249674011957396,18.306349514630067,17.88600274991774,18.02297019958496,26549600,-0.006269392096029252
2024-05-07,18.56709398692175,19.311685764649816,18.56709398692175,19.168495178222656,30039600,0.06162098864431834
2024-05-08,19.168494767068626,19.74125892125887,19.082580052901736,19.521699905395508,24428800,0.018258607322864943
2024-05-09,19.578973767820663,19.674434753862524,19.44055542909831,19.60761260986328,14394600,0.004391226781092617
2024-05-10,19.65534219250078,19.679206983819526,19.407144357098687,19.60761260986328,15019500,0.0
2024-05-13,19.378509505049145,19.84149419918125,19.254411472180017,19.435787200927734,20853100,-0.00880182151516181
2024-05-14,19.56942920347805,19.99900276795877,19.464421927545647,19.693527221679688,21289500,0.013173946549847977
2024-05-15,19.283046349781078,19.803306811904005,19.206677925100962,19.60761260986328,97658200,-0.0043721250346862636
2024-05-16,19.71261987635214,19.994228809761474,19.583747806408848,19.66489028930664,71519400,0.0029169375938576008
2024-05-17,19.779442135943125,19.79853469917376,19.45487584409052,19.540790557861328,31071000,-0.006330722652246982
2024-05-20,19.56943012734859,19.617159716425522,18.977573390652225,18.996665954589844,24636700,-0.028240616538842255
2024-05-21,19.025306603214297,19.187589770526753,18.777108710808935,19.06348991394043,27778900,0.0035114952364542194
2024-05-22,18.977571487426758,19.21622305041172,18.905977110991426,18.977571487426758,15202600,-0.004517149072241801
2024-05-23,18.95848132651923,18.996664630966873,18.50026892777865,18.557546615600586,16089700,-0.022381301897529675
2024-05-24,18.586185657686006,18.662554095643866,18.26639339272722,18.471633911132812,24363700,-0.004640278688482236
2024-05-28,18.33798598643096,18.528907973044884,18.232980532483605,18.376171112060547,16231100,-0.0051814762150290865
2024-05-29,18.194795901701486,18.309349460938776,17.994329448995042,18.0134220123291,13001900,-0.019937629681659068
2024-05-30,18.013423714571974,18.252075316498768,17.98478486686456,18.127975463867188,17340100,0.006339203415082213
2024-05-31,18.14706760660432,18.462087640984418,18.013423295281605,18.42390251159668,31659300,0.016192520332308072
2024-06-03,18.2711657362737,18.586185772389896,18.25207499224181,18.366626739501953,15902600,-0.003113617527816216
2024-06-04,18.385717495634783,18.385717495634783,18.056378978701034,18.280710220336914,18523500,-0.004688836008284591
2024-06-05,18.204343903653072,18.309351191146373,17.96569230172628,18.127975463867188,20674500,-0.008390066796207334
2024-06-06,17.99432966693709,18.118427688577395,17.679309651177928,17.78431510925293,27907800,-0.01913945559223296
2024-06-07,17.832046827726856,17.908415262546725,17.536119370395753,17.55521011352539,17923400,-0.012966116779372091
2024-06-10,17.450204847096177,17.574302872266664,17.264055078189763,17.45975112915039,16438100,-0.005452481881068715
2024-06-11,17.383380578526882,17.641124727327224,17.268828837349243,17.63157844543457,23197400,0.009793227652320711
2024-06-12,17.660217930522382,17.755678932138096,17.087453741595247,17.144729614257812,19717800,-0.02800070893051928
2024-06-13,17.182914726920686,17.335651601054163,17.02349563730346,17.2115535736084,14768100,0.003890062452532118
2024-06-14,17.077905459902702,17.259281159660663,16.94426116574786,17.24973487854004,15356100,0.002215896286512827
2024-06-17,17.14472686141739,17.965688794420892,17.14472686141739,17.93705177307129,20146700,0.03907173094753289
2024-06-18,17.927505777613334,18.02773899546551,17.56475438810037,17.67930793762207,21747100,-0.014473592303091863
2024-06-20,17.80340746241474,18.003875735947084,17.707946466483484,17.984783172607422,24977100,0.01713110841827903
2024-06-21,18.051605732718965,18.12797416704166,17.56475628112411,17.68885612487793,63084700,-0.016591177226433728
2024-06-24,17.965692411797008,18.118429292304555,17.83682032747491,18.04206085205078,19862800,0.019770902192833863
2024-06-25,17.927505590804685,18.013420296858982,17.679307753399694,17.80340576171875,15046800,-0.013315972104514842
2024-06-26,17.660215283125844,17.765222551238484,17.431110006052993,17.746129989624023,16542100,-0.003222310527741645
2024-06-27,17.717493258943524,17.77477095061381,17.497934236508748,17.58384895324707,18657600,-0.009186655782725263
2024-06-28,17.593395548088793,17.74613242039175,17.221099649446227,17.35474395751953,57323300,-0.013114911648495329
2024-07-01,17.402475799790572,17.559986743921712,17.073137217653702,17.13518714904785,21089800,-0.012731818664253384
2024-07-02,17.19246070453343,17.43111229373445,17.17336814041324,17.412019729614258,14781800,0.016026679493184037
2024-07-03,17.54566393488114,17.579076832280723,17.373836321100093,17.47884178161621,5859500,0.003830351605348474
2024-07-05,17.450204756369597,17.48838806362079,17.316558629072624,17.47884178161621,12172600,0.0
2024-07-08,17.459751137757152,17.459751137757152,17.182914420349956,17.421566009521484,15968400,-0.0032822437982618197
2024-07-09,17.431112298049644,17.469295605532352,17.159049631954503,17.392927169799805,12147200,-0.0016452255119186587
2024-07-10,17.316555560536372,17.41201654289911,16.872663540201405,16.896530151367188,24692600,-0.02895535472743894
2024-07-11,16.96335770051791,17.125640876038574,16.867896687723277,17.106548309326172,35772200,0.012353047909308973
2024-07-12,17.28792159761286,17.574302774578804,17.14472918836277,17.50748062133789,12523500,0.023166921398306124
2024-07-15,17.50748093315304,17.55521052324174,17.268829341175238,17.287921905517578,14171600,-0.012620151740091892
2024-07-16,17.23064400987741,17.52657329140244,17.18768665099585,17.421566009521484,15408300,0.007700762671834307
2024-07-17,17.440656471802892,17.917959592624428,17.440656471802892,17.60293960571289,17834900,0.010357046548256671
2024-07-18,17.61248790680095,17.89886908383547,17.478841779520003,17.488388061523438,14131000,-0.0065287898008868
2024-07-19,17.622032470457345,17.650671316634096,17.33087906111247,17.421566009521484,15412400,-0.0038282567473698803
2024-07-22,17.383380885584476,17.440658577952142,17.182914424599044,17.40247344970703,15788700,-0.0010965162011027964
2024-07-23,17.268831481367084,17.402475806792214,17.097002022524844,17.1160945892334,12491000,-0.016593123497267596
2024-07-24,17.106546087012667,17.421566113773505,17.03972393296751,17.345197677612305,9390800,0.01329645226092447
2024-07-25,17.497934445225688,17.860684059628873,17.412019727462567,17.421566009521484,11082200,0.00439318743744591
2024-07-26,17.536117180220355,17.93227781738017,17.478839495683825,17.841590881347656,11484600,0.023823433538524924
2024-07-29,17.80340557727844,18.04205713145313,17.679307570245022,17.946596145629883,12564800,0.0058681690429204245
2024-07-30,17.679307659477537,17.956142516918675,17.47406717619005,17.898866653442383,12381300,-0.0026630717903114503
2024-07-31,17.822498511827238,17.908413218790663,17.526571088268167,17.65066909790039,42056200,-0.013963703501802347
2024-08-01,17.822500236383533,17.851139081731482,17.555209808770545,17.78431510925293,12817600,0.007543203308602587
2024-08-02,17.803405575788453,17.98478126676076,17.583846582950162,17.965688705444336,17688600,0.010146860587532747
2024-08-05,17.860684161964688,18.013422855015367,17.28314774984461,17.364290237426758,21724900,-0.034047943594310764
2024-08-06,19.235316430352555,19.970363712585748,19.007165220548714,19.913087844848633,44403600,0.1369613840068916
2024-08-07,19.75080308545677,20.094460084514193,19.521697812496203,19.68398094177246,24344700,-0.01157204140478663
2024-08-08,19.636250669980996,20.395162726974846,19.48351381254033,20.285383224487305,21849700,0.03009543369895359
2024-08-09,20.237655854637403,20.271066932061952,19.965593183741976,20.065826416015625,20636700,-0.01088239867919917
2024-08-12,20.123102185835453,20.194698391817834,19.893996875765847,20.132648468017578,17481100,0.003324609390955448
2024-08-13,20.180377744511464,20.51449033262444,20.161287001211075,20.371299743652344,16625400,0.011784235755858895
2024-08-14,20.395397004690565,20.694194841398026,20.356843334677265,20.414674758911133,16462400,0.0021269582075704196
2024-08-15,20.424312629509824,20.838775132688113,20.414673752874545,20.79058074951172,10727900,0.018246042390898286
2024-08-16,20.665278068311835,20.925520371641287,20.588168897246135,20.886966705322266,11269800,0.0046253262744006965
2024-08-19,20.944799352388813,21.12793433382075,20.848412423296857,20.858051300048828,10019600,-0.0013853346473171764
2024-08-20,20.85805122892406,20.925521527530034,20.621905183803165,20.771303176879883,11291400,-0.00416764803690449
2024-08-21,20.867688773538905,21.06046261875961,20.790579603136152,20.9062442779541,8446800,0.006475504478812873
2024-08-22,20.906242643297126,20.978531450781908,20.46286356932833,20.78093910217285,12239500,-0.006011706380939447
2024-08-23,20.82913664851526,21.113477080116432,20.819497771698362,21.03154754638672,6785500,0.01198739731990006
2024-08-26,21.070101655196147,21.258055144581363,21.017088755435672,21.166486740112305,9431500,0.006395542160099096
2024-08-27,21.20504267475016,21.291790723675625,20.954437404346333,21.127933502197266,10096300,-0.0018230891154103865
2024-08-28,21.156850163276236,21.16359719290446,20.809857967050178,20.93515968322754,7896100,-0.009166000597475969
2024-08-29,21.021906505019878,21.13757117648526,20.75202533564662,20.964075088500977,12053500,0.0013802357022228396
2024-08-30,21.041186133039428,21.161669333947447,20.935160327943493,21.156850814819336,14008500,0.009153505920643023
2024-09-03,20.96407454971254,21.436368422405103,20.86768763237318,21.301427841186523,13879900,0.0068103366288857475
2024-09-04,21.243597174274843,21.812276145905997,21.2050416706103,21.696613311767578,22620800,0.018382074518169048
2024-09-05,21.744805852920653,21.860470525486672,21.571309763285424,21.696613311767578,15490300,0.0
2024-09-06,21.696612769529874,22.168906647051404,21.686973893854635,22.033966064453125,18883300,0.01542899498774656
2024-09-09,22.043607314019166,22.390597683557726,21.812277949756453,22.361682891845703,21843100,0.014763734182051314
2024-09-10,22.323124025546072,22.6180666225599,22.062879908735937,22.217098236083984,15021200,-0.006486725706018877
2024-09-11,22.313486705876677,22.390595874926397,21.855650210331888,22.25565528869629,12941500,0.0017339633468560058
2024-09-12,22.26529329982662,22.352041341441634,21.947217760047423,22.246015548706055,9269900,-0.00043323048144543804
2024-09-13,22.32312642389938,22.564092816073103,22.207463585175493,22.544815063476562,11090800,0.013342192730855395
2024-09-16,22.650841913343225,22.69903445863881,22.332766334480198,22.53517723083496,9220800,-0.00042758804063319577
2024-09-17,22.621924235435046,22.670118616926395,22.31348754760111,22.544815063476562,13263700,0.00042758804063316243
2024-09-18,22.59300954509712,22.670118717397344,22.24119883157563,22.35204315185547,15225500,-0.00858737577257733
2024-09-19,22.49662063174899,22.602646423701074,22.058061908348343,22.072519302368164,13622500,-0.012584368780054696
2024-09-20,22.00505166598635,22.19782552215923,21.889386984597074,22.188186645507812,75871900,0.005226649868223377
2024-09-23,22.00505166598635,22.313488365120765,21.937581367854165,22.188186645507812,20080800,0.0
2024-09-24,22.197823692898872,22.356860548472135,21.97131470632587,22.274932861328125,14365300,0.003901945110597859
2024-09-25,22.37131996892213,22.48987649811581,22.111077650923896,22.168909072875977,12625600,-0.0047711442109142745
2024-09-26,22.313486278111093,22.44842870018186,22.197823445967654,22.294208526611328,12504500,0.005636122349812692
2024-09-27,22.303849023415008,22.588189444206005,22.197825059315583,22.419513702392578,12450000,0.005604789651101181
2024-09-30,22.51589899200346,22.641200699896782,22.241197467628336,22.294208526611328,17088300,-0.00560478965110116
2024-10-01,22.332764653889857,22.34240352990918,21.860470759508818,21.956857681274414,13640500,-0.015247423845007458
2024-10-02,21.879750887019256,21.908665679788864,21.590590090328448,21.812278747558594,16504900,-0.006606457031632592
2024-10-03,21.667697138080502,21.73516743247973,21.446008502646563,21.465286254882812,10312400,-0.016036019055012608
2024-10-04,21.49420114853166,21.543358865443015,21.32070689285113,21.35926055908203,8451600,-0.004951642005513865
2024-10-07,21.407453820192625,21.431551930627094,21.089378249791395,21.195404052734375,9859300,-0.0077010272620066916
2024-10-08,21.272512714012667,21.277333071354583,20.973714903782387,21.060462951660156,11377100,-0.006386879236069228
2024-10-09,21.031547586103375,21.094199366317614,20.72311088109139,20.75202751159668,10437800,-0.014753535668687782
2024-10-10,20.761663630637617,20.819495045538613,20.482141754832337,20.549612045288086,11911600,-0.009801891116256768
2024-10-11,20.617084755336965,20.732749437140736,20.539975580277034,20.684555053710938,14513000,0.0065452269155823525
2024-10-14,20.588170530584588,20.901425758578636,20.52070023035288,20.81949806213379,18677100,0.006502665344390789
2024-10-15,20.809857609580042,21.190584947407118,20.761665066899912,20.97371482849121,11925300,0.007380024441224635
2024-10-16,20.87732722294915,21.060462188323122,20.83877355774956,20.94479751586914,13919600,-0.0013796919590869066
2024-10-17,21.05082420523972,21.05082420523972,20.597808048972137,20.674917221069336,12260700,-0.012969049847309753
2024-10-18,20.7327487943808,20.954437436001808,20.61226559718316,20.93515968322754,13309700,0.012508789930332106
2024-10-21,22.120713501233723,22.544812988763287,21.976132208492615,22.091796875,38291800,0.053776330477487706
2024-10-22,21.735168564484738,22.217101364925,21.715892649672206,22.101438522338867,18080900,0.0004363404220194848
2024-10-23,21.995411526803835,22.125533596487394,21.69661372147176,21.937580108642578,10664000,-0.007441545018460705
2024-10-24,22.072521463651526,22.25565643902063,21.95203826588222,22.139991760253906,11664200,0.009184402219402503
2024-10-25,22.130353277832636,22.18818653745952,21.812277703595715,21.821916580200195,8395700,-0.01447074262774619
2024-10-28,22.024326941462846,22.062880605303334,21.75926429786657,22.053241729736328,10540300,0.010544795821396146
2024-10-29,21.899024425158483,22.08119605659671,21.81227637941221,21.956857681274414,13109200,-0.004380094744052989
2024-10-30,21.831555849687867,22.159270306426855,21.74480779711415,22.062883377075195,15919800,0.0048171978427061736
2024-10-31,21.860472122118736,22.327947526842667,21.79396516033923,22.101438522338867,34406400,0.0017459865067550953
2024-11-01,22.033966342954894,22.26047348968961,21.899023920223435,21.908662796020508,15528900,-0.008760577843124331
2024-11-04,21.9857737338161,22.385778838670834,21.918303436232826,22.20746421813965,17341800,0.013546338338482648
2024-11-05,22.111076334948407,22.718310825374108,22.091798582635807,22.390596389770508,17781300,0.008212608281260341
2024-11-06,22.699033599447446,22.699033599447446,21.499021985788648,21.686975479125977,16727100,-0.031929194676436505
2024-11-07,21.368900029901422,22.539996859293304,21.243598313129528,22.139991760253906,28744400,0.020673683100759628
2024-11-08,22.043606408200652,22.862890672456263,22.01468977924912,22.824337005615234,16635100,0.030441824092861065
2024-11-11,22.901447115350795,23.017109959037008,22.641202959415185,22.920724868774414,13838400,0.004214138176028516
2024-11-12,22.901445490874558,23.084580458553063,22.77807045151365,22.795419692993164,10714200,-0.0054818922627549406
2024-11-13,22.80028316788265,22.946126821029544,22.401642983846553,22.498870849609375,16481200,-0.013094501631682727
2024-11-14,22.576654867325267,23.091971100558712,22.48914830216293,22.95585060119629,14017300,0.020107708685307472
2024-11-15,22.868343063192917,23.46144082411448,22.790559659080124,23.160030364990234,16166900,0.00885513162563784
2024-11-18,23.145445359489628,23.339902932465645,23.014185524116982,23.06279945373535,14591600,-0.0042070576399737165
2024-11-19,22.936402562842915,23.140583296549476,22.59609948549607,23.033632278442383,9838300,-0.001265485335390763
2024-11-20,23.004465390992316,23.12114143371582,22.909181037894744,23.12114143371582,7418800,0.0037919917310600764
2024-11-21,23.130861014128566,23.568391934036793,23.03363130264813,23.422548294067383,8331200,0.012951748151622786
2024-11-22,23.578116501140013,23.636453589717156,23.336014894516094,23.412826538085938,10505900,-0.0004151458659575832
2024-11-25,23.57325621319163,23.723960515547624,23.320459686123588,23.56839370727539,26971900,0.006622549901889407
2024-11-26,23.60242358484393,23.782297357315954,23.276706162948567,23.451719284057617,12315700,-0.004962755521372414
2024-11-27,23.539224444867724,23.72882323273383,23.383657635210398,23.461441040039062,11666900,0.0004144575233663459
2024-11-29,23.33504313514888,23.568393343960054,23.218367103491985,23.412826538085938,7516500,-0.002074251903883379
2024-12-02,23.441995481180463,23.59756228354769,23.213505928858726,23.587839126586914,10173800,0.007447273135495
2024-12-03,23.461439042179745,23.55866875356164,22.780834771511472,22.829448699951172,13665700,-0.03267997577990158
2024-12-04,22.800282261025647,22.87320315744741,21.56060662232714,22.5183162689209,27219800,-0.013722277754523574
2024-12-05,22.74194371148229,22.810003957786435,22.362749850929113,22.489147186279297,13914400,-0.001296188875632301
2024-12-06,22.596098928856577,22.703051798831538,22.18773561700063,22.207181930541992,9708800,-0.012617098622223233
2024-12-09,22.362749120767447,22.61554563771643,22.109952603818464,22.17801284790039,15267200,-0.0013143611056095118
2024-12-10,22.139122397883554,22.338442481820476,21.76964984675494,22.109952926635742,10492300,-0.003073520025218775
2024-12-11,22.11967679538638,22.143983761623637,21.57519296276069,21.604360580444336,9433200,-0.023132692774352072
2024-12-12,21.37100966181636,22.007862541449008,21.16099466160705,21.701589584350586,14949900,0.004490337558986838
2024-12-13,21.662700930647905,21.691868550224427,21.332120975760343,21.59463882446289,9184000,-0.004940429287012413
2024-12-16,21.711313605079035,21.8522966065185,21.439070759661725,21.45851707458496,7786300,-0.0063234483333651096
2024-12-17,21.487686990763898,21.5606078914781,21.254336770373577,21.429349899291992,10278500,-0.0013601599635359122
2024-12-18,21.390455542417225,21.55574550033419,20.8751393549108,20.914031982421875,15271800,-0.024341152604420352
2024-12-19,20.92375633129428,21.157106546146675,20.826526611480112,21.011262893676758,13048400,0.004638301810862254
2024-12-20,20.923754801010954,21.361285726421368,20.875139017408117,21.166828155517578,22915000,0.007376624374821998
2024-12-23,21.108489741567826,21.22127687873692,20.93347847974099,20.9918155670166,13256800,-0.008302619742898403
2024-12-24,20.884863081732707,21.040429887017293,20.777912062163683,20.962646484375,9164900,-0.001390511803287883
2024-12-26,20.90430975623785,21.16682944011775,20.84597266687653,21.118213653564453,5970300,0.007393759413988052
2024-12-27,20.99181831133284,21.200861577110345,20.933481216430664,20.933481216430664,9833600,-0.008786025203503892
2024-12-30,20.836249254342697,20.865416871414766,20.593175888061523,20.593175888061523,7123700,-0.01639009591577735
2024-12-31,20.66123510068165,20.836248212372535,20.632065630565666,20.758464813232422,6934200,0.007994352952560653
2025-01-02,20.92375702187039,20.982094113883203,20.564007603035467,20.690406799316406,8253900,-0.0032839530936153174
2025-01-03,20.729297397745,20.75846687075218,20.510530986447897,20.61262321472168,6079200,-0.003766487665636698
2025-01-06,21.00154150132309,21.00154150132309,20.476502082901174,20.525117874145508,10740100,-0.0042542672610777574
2025-01-07,20.56400752416393,20.72929749631855,20.35982677565083,20.466777801513672,8828800,-0.002846421765086321
2025-01-08,20.408439429808794,20.525115460572305,20.155642908573355,20.515392303466797,7579300,0.0023724719618954154
2025-01-10,20.320933726774925,20.385105082773666,20.10702982494667,20.272319793701172,11057100,-0.011919049876055377
2025-01-13,20.2528737190944,20.505670253984764,20.126476378900566,20.388994216918945,12682000,0.005738857500020766
2025-01-14,20.398716595904325,20.53969959441407,20.35010266410913,20.44733238220215,7275900,0.0028571720244343593
2025-01-15,20.602899731210172,20.66901460601037,20.18481323056628,20.272319793701172,10050000,-0.008596029524454997
2025-01-16,20.165364872692564,20.627204608117438,20.145918559631994,20.60289764404297,8810500,0.016175329638230783
2025-01-17,20.612622020019288,20.753603161792675,20.44733205823083,20.515392303466797,11267000,-0.004256279762175488
2025-01-21,20.612622255043824,20.632066714973952,20.038968960796197,20.223703384399414,19203400,-0.014320097131692626
2025-01-22,20.223702812651158,20.27231859735859,20.029245237329118,20.17508888244629,19218300,-0.0024067316219779557
2025-01-23,20.14591941162183,20.24314912653413,19.917431714255866,20.17508888244629,12575000,0.0
2025-01-24,20.213983030109098,20.282043279314415,20.14106027481614,20.204259872436523,12092500,0.001444847228322151
2025-01-27,20.534836575386475,20.94319986069111,20.491083300014463,20.845970153808594,15342800,0.031267184621244
2025-01-28,20.807081160750368,21.050154543129466,20.729297752569163,20.768190383911133,13831600,-0.003738143913760618
2025-01-29,20.845973168184987,20.914033416493695,20.622344253667215,20.719573974609375,12249200,-0.0023436515467349863
2025-01-30,20.90430975623785,21.16682944011775,20.787633723012576,21.118213653564453,11733100,0.019057018354841228
2025-01-31,20.816804649521753,21.03070856179492,20.685544798410003,20.700130462646484,16433400,-0.019995871668994875
2025-02-03,20.593174554359273,20.68554175994308,20.466775373557752,20.641788482666016,9693600,-0.0028224146434570763
2025-02-04,20.330654851308466,20.53483742970669,20.16536489908228,20.23342514038086,11813700,-0.019981641348407
2025-02-05,20.418161729738994,20.46677565872308,20.019521577661436,20.16536521911621,19231100,-0.0033694071059457566
2025-02-06,19.966045808436224,20.51539212587518,19.202795600035525,19.25140953063965,25808800,-0.046382259272903965
2025-02-07,19.348639201838274,19.66949596479404,19.29030211434702,19.620882034301758,17734300,0.0190101285794208
2025-02-10,19.708387615908876,20.165364845194212,19.640327374792175,20.009798049926758,14043000,0.019627647083801558
2025-02-11,20.01952244189998,20.37926998271848,19.961185353700174,20.330656051635742,10921800,0.01590784115703552
2025-02-12,20.158821065499616,20.644870483996197,20.130344167940873,20.581045150756836,10317000,0.012240616651329035
2025-02-13,20.522131866838276,21.194746681449068,20.50249301329211,21.06218910217285,14062000,0.023108933380297382
2025-02-14,21.08182594386675,21.739712550412687,20.968905346017003,21.533510208129883,27015700,0.022130888810610077
2025-02-18,21.396041089758164,21.798628203729923,21.332215755241453,21.602243423461914,14108300,0.003186835407574047
2025-02-19,21.729892876584895,21.911549459327194,21.39604173661856,21.86736297607422,14198000,0.012198078698845588
2025-02-20,21.867361977165476,22.171756696301053,21.489322498351022,21.985191345214844,19044800,0.005373855845859652
2025-02-21,21.955734066480463,23.016207701071142,21.93609521496524,22.89837646484375,25663000,0.040696905276357255
2025-02-24,22.878738403320312,23.10949023443206,22.535067854256898,22.878738403320312,18229000,-0.0008579860388620575
2025-02-25,22.8787394475357,23.271509017873022,22.805096557745536,22.94747543334961,22641600,0.0029999022753087316
2025-02-26,22.976932091237206,23.016209797845853,22.481063218919903,22.800186157226562,14615800,-0.006439226833932458
2025-02-27,22.643078465550598,22.824735044417825,22.417237277237064,22.72163200378418,15159100,-0.003451278292012429
2025-02-28,22.829642633993462,23.202771452983523,22.726541471585364,23.173315048217773,30981700,0.019683980804529388
2025-03-03,23.07512271490984,23.458070960649312,23.04566443721296,23.359880447387695,12834400,0.008018636882280277
2025-03-04,23.48753067495162,23.919576076611776,22.986751160658642,22.996570587158203,15368100,-0.01567494020675627
2025-03-05,23.006389964511285,23.05548522404011,22.412328709037677,22.623441696166992,17384400,-0.01635848799930232
2025-03-06,22.67253706829763,22.81982472047969,22.525249416115567,22.760910034179688,9739200,0.00605798047940489
2025-03-07,22.61362231799585,23.183135944921652,22.60380289149629,22.996570587158203,14446300,0.01030050751989737
2025-03-10,23.104583376732005,23.91466643191546,23.016210407386293,23.487531661987305,18035100,0.021124612868581145
2025-03-11,23.61517855502534,23.713370943336905,22.95729198806111,23.065303802490234,16475100,-0.018140224271391617
2025-03-12,22.662718215227972,22.878739985703607,22.36323225358992,22.65289878845215,13897400,-0.018041662932748184
2025-03-13,22.68235649482498,22.927836539416454,22.525249416115567,22.760910034179688,16433800,0.00475676681566129
2025-03-14,22.80018538131919,22.829643660273188,22.304316525876672,22.397598266601562,15798900,-0.01609085951435399
2025-03-17,22.55470427579904,23.227320900306843,22.375995594705604,22.98674964904785,16372400,0.025964214831703573
2025-03-18,22.976931118269892,23.25186943429565,22.868921175398103,22.91801643371582,16840600,-0.002994602633316523
2025-03-19,22.770728831635342,23.104581832885742,22.731451126611034,23.104581832885742,9646900,0.008107600533527666
2025-03-20,23.016208718482776,23.242049902299097,22.80509573752194,22.967111587524414,16508300,-0.005967683978396768
2025-03-21,22.878739914685323,22.95729345578391,22.544886896800286,22.888559341430664,35334700,-0.0034260679797814314
2025-03-24,22.73145179509126,23.163497198743848,22.672537108686306,22.94747543334961,13187600,0.0025707339064062976
2025-03-25,23.045665288092774,23.06530414061579,22.554705212201767,22.682355880737305,14987800,-0.011620579274647455
2025-03-26,22.68235721195726,22.996571379310378,22.387780025415584,22.976932525634766,9473400,0.012903430709608855
2025-03-27,23.035847033556685,23.270526276410777,22.98675177261596,23.075124740600586,13790600,0.004264407264223223
2025-03-28,23.173316777303764,23.340243283932914,23.007371651476298,23.271509170532227,14401300,0.008474643731876563
2025-03-31,23.4089757222445,23.600449845263316,23.192953970891168,23.546443939208984,16360100,0.011744978619796908
2025-04-01,23.585721815075548,23.605360667032176,23.330422358231413,23.448251724243164,11113800,-0.004178869826620882
2025-04-02,23.41879574851341,23.639728154915844,23.18313513930549,23.438434600830078,14093800,-0.00041875953819736427
2025-04-03,23.566083854052142,23.79192504149943,22.903288494802556,23.192955017089844,21704000,-0.010528609736844064
2025-04-04,23.242048306833116,23.350060114662924,21.86736057305415,21.9262752532959,17771400,-0.05616286858761437
2025-04-07,21.612062510145066,22.05883609901322,20.983634219745205,21.376401901245117,26882400,-0.02539810221789781
2025-04-08,21.70043519503751,21.818264561548403,20.900169766622973,21.101463317871094,13443000,-0.012945209060133694
2025-04-09,20.826524889244958,21.75934975431742,20.58104485873789,21.386220932006836,22036500,0.013404443329863723
2025-04-10,21.307667618815096,21.710254723205534,21.022909881489944,21.474594116210938,16963500,0.0041237344338030495
2025-04-11,21.582604790134837,21.832995481163643,21.238932357606252,21.690616607666016,13221700,0.010009185236227817
2025-04-14,21.96555491851889,22.47517060024113,21.78880898913321,22.299406051635742,16487900,0.027680291020494383
2025-04-15,22.299405702466313,22.70199468690991,22.152118054572536,22.495790481567383,22262800,0.008768158343222145
2025-04-16,22.643077681257086,22.790365326235403,22.211034172369224,22.31904411315918,28527600,-0.007887891874127716
2025-04-17,22.30922501559474,23.104581681343777,22.30922501559474,22.967111587524414,22595700,0.02862295150034186
2025-04-21,22.90819784808816,22.957293108207413,21.621882929749717,21.86736297607422,20885900,-0.049068011432038455
2025-04-22,22.152118314518727,22.80509612075777,22.03428894396665,22.770729064941406,25918800,0.0404806480324275
2025-04-23,22.549795201731197,22.77072759836704,22.328862805095355,22.52524757385254,13015000,-0.01083910372136326
2025-04-24,22.505610587448903,22.52524944052489,22.132481743325734,22.33868408203125,15417600,-0.008316906714671031
2025-04-25,22.466332029244654,23.035845636800232,21.98028260766452,22.593982696533203,22249600,0.011363730671634474
2025-04-28,22.5645242451883,22.810004278855356,22.485970709329404,22.692174911499023,12011900,0.004336529042494984
2025-04-29,22.564524866650775,23.01620911492754,22.191396029260467,22.957292556762695,13526300,0.01161549699313722
2025-04-30,23.075122662315973,23.291144413008745,22.765817302227692,23.173315048217773,15990400,0.009365758733588216
2025-05-01,22.927835860174557,23.605361287577143,22.74127050741012,23.526805877685547,15132800,0.015139043489926491
2025-05-02,23.624997473597833,23.76246756342631,23.242049227560198,23.546443939208984,14097700,0.0008343618823469228
2025-05-05,23.507170264234443,23.546446098598764,22.991662530477615,23.21259307861328,23279500,-0.014279872082993451
2025-05-06,23.055484991381253,23.266597976380172,22.94747504693498,23.143857955932617,15082400,-0.0029655062680326795
2025-05-07,23.084942590793506,23.19786318153667,22.5890718739822,22.692174911499023,36329100,-0.019709282747972755
2025-05-08,24.05704542177258,24.714932044956033,23.53662703025415,23.625,33046700,0.040285325876312686
2025-05-09,23.61517876053,24.057043575345226,23.575902928582007,23.99812889099121,24395100,0.015670391053510008
2025-05-12,23.821383375162288,24.165055806727953,23.467891517224565,23.566083908081055,15042200,-0.01816730859172726
2025-05-13,23.467891756880423,23.56608414873966,23.075124062307584,23.23223114013672,17777300,-0.014267968034822871
2025-05-14,23.177753640287307,23.345149150086772,22.87069845364776,22.97965431213379,13383200,-0.010931358487389391
2025-05-15,23.207469519722018,23.767103856127566,23.09851366062539,23.653194427490234,18331200,0.02888894742712783
2025-05-16,23.791865775672694,23.999870352507443,23.673004668029115,23.950345993041992,20725200,0.012484593479639657
2025-05-19,23.98996449327948,24.039490740719884,23.65319356761741,23.77205467224121,22180000,-0.007472052865666838
2025-05-20,23.772055310108577,23.96025127696557,23.69281520131088,23.900819778442383,16356900,0.005402041341981491
2025-05-21,23.85129477891269,24.123682527518817,23.70271981505781,23.77205467224121,15095600,-0.00540204134198143
2025-05-22,23.772055118641955,23.80177086766421,23.24708822131466,23.276803970336914,13277400,-0.021053390419449678
2025-05-23,23.415474238456824,23.54225879234286,23.18270747795321,23.504619598388672,10164000,0.00973965354487042
2025-05-27,23.633385782487224,23.772055501692464,23.41052238431221,23.702720642089844,11682500,0.008392856091630348
2025-05-28,23.692814957781028,23.71262545708513,23.177753311273502,23.32632827758789,10980800,-0.016007144945131637
2025-05-29,23.286709908751032,23.49966805995942,23.24708890888284,23.35604476928711,19711500,0.0012731356087348886
2025-05-30,23.455095501504154,23.673005334210835,23.23718377956421,23.643291473388672,30017400,0.012223588827590866
2025-06-02,23.425378023762995,23.554144375273047,23.128228102057392,23.445188522338867,9774700,-0.008414122512845602
2025-06-03,23.405569247872155,23.405569247872155,21.607808877539078,21.999055862426758,41957100,-0.06366575646268952
2025-06-04,22.06839234536247,22.216967315351805,21.44437482648071,21.474090576171875,25027800,-0.024152418144164252
2025-06-05,21.47408983313561,21.696953225024824,21.137318905221502,21.444374084472656,16854800,-0.0013847884206939145
2025-06-06,21.483995773165436,21.701905602664322,21.44437477367478,21.52361488342285,9670500,0.0036883685127756826
2025-06-09,21.38494478519366,21.46418489353931,21.077889601508414,21.097698211669922,20375200,-0.01998675400409268
2025-06-10,21.186842627167515,21.38494383383526,21.102650842335255,21.315608978271484,14937400,0.010275675181205776
2025-06-11,21.310655883010128,21.647426808295748,21.256177955503166,21.642475128173828,22313400,0.015218204676660518
2025-06-12,21.543424740387707,21.929720027729697,21.464184633003885,21.830671310424805,28059400,0.008658096931427745
2025-06-13,21.751429455205056,21.855433631824372,21.127413841655123,21.246274948120117,37242900,-0.02713433838117183
2025-06-16,21.444374084472656,21.820766010604036,21.236369511531507,21.444374084472656,16345200,0.009280747083194787
2025-06-17,21.39485030536473,21.612760133761785,21.21655958702476,21.236370086669922,17940900,-0.009747048633936618
2025-06-18,21.20665364598518,21.335420000248426,20.919408967425852,21.157129287719727,14259300,-0.0037383510398451246
2025-06-20,21.186843872070312,21.493900949370776,21.137319512109972,21.186843872070312,24956500,0.0014034861167154977
2025-06-23,21.19674800789119,21.261131183842494,20.830263229285904,21.167034149169922,14174300,-0.0009354385133275953
2025-06-24,21.08779534578119,21.28589467667477,20.919409875443357,20.988744735717773,16640400,-0.00845864938089626
2025-06-25,20.924360427804693,21.186842924474618,20.800547644208216,20.96893310546875,16355800,-0.000944362640677106
2025-06-26,20.929312546741176,20.973885225339856,20.73121322237287,20.909503936767578,16341600,-0.0028381770090555236
2025-06-27,20.95902771487887,21.01845732161954,20.61235154529755,20.681686401367188,24150300,-0.01095519565699843
2025-06-30,20.661877760004334,20.810452721242918,20.538064977433326,20.731212615966797,21679400,0.002391826671676309
