Price,Close,High,Low,Open,Volume,Log_Returns
Ticker,CEG,CEG,CEG,CEG,CEG,
Date,,,,,,
2022-01-19,40.705013275146484,41.67418025788807,36.82834534418015,36.82834534418015,129900,
2022-01-20,43.61250686645508,46.87859801216109,39.68738198788972,39.68738198788972,153400,0.06899270279874554
2022-01-21,43.61250686645508,48.40988336118074,41.625715626398836,41.674173227945964,329500,0.0
2022-01-24,41.48033905029297,43.61250678824499,40.58870735277518,43.53497166824623,110000,-0.0501244068015519
2022-01-25,40.60615158081055,43.5349731842241,40.05566773737794,41.18959117876042,23500,-0.021299985254778345
2022-01-26,41.88739776611328,43.67066514474165,40.94730461901396,43.622203838417214,90500,0.031065440483847562
2022-01-27,44.34907531738281,48.09006010918229,42.40105149266292,45.802825654274116,151600,0.057106846491046866
2022-01-28,45.30855178833008,46.13234216019569,42.78871937091201,43.17638390593419,43600,0.021403936997591827
2022-01-31,46.5200080871582,46.5200080871582,44.58167441685995,44.58167441685995,71300,0.026386705621658763
2022-02-01,48.24512481689453,48.45834270787419,45.59929974869398,46.03542557248048,298800,0.03641228112268354
2022-02-02,51.37554168701172,54.49626064917896,48.26451646533002,48.49227130471634,23860900,0.06286743393118774
2022-02-03,51.96672821044922,54.825771308585736,48.749094394027956,50.58081924587929,8425500,0.011441455141432678
2022-02-04,48.59403610229492,52.65484847534882,48.57465231732362,50.97818619758105,6757800,-0.06710286225643511
2022-02-07,44.64950942993164,48.49710239964765,44.58166805691558,48.45833484447346,9432500,-0.08465748918138598
2022-02-08,44.09709548950195,46.093580704150725,42.80810169290347,43.7385047591649,7277500,-0.012449401882787443
2022-02-09,45.85128402709961,45.98696679167495,42.52704150669165,43.370215613037,4393100,0.03900928489568835
2022-02-10,45.59930419921875,47.00459701432032,43.98079716940582,44.10678621084664,2450000,-0.005510745648580564
2022-02-11,46.60723114013672,47.40194761321324,44.639823736920206,45.31823753314803,3456800,0.021863246159438847
2022-02-14,46.62661361694336,47.489171445544265,45.541147876226994,46.704145035598486,2155000,0.00041578199711420907
2022-02-15,46.5200080871582,46.95613390239093,45.744675358454515,46.229258776029084,2359800,-0.0022889842783561988
2022-02-16,45.74467086791992,46.97551307138282,45.50237918291725,46.248638016374805,5855300,-0.016807200317601315
2022-02-17,43.89357376098633,45.628383556298026,43.79665484396747,44.891814575269315,3142600,-0.04130737538607389
2022-02-18,44.00987243652344,44.48476588368197,43.41867998688718,43.757890648308596,2018700,0.002646056518247033
2022-02-22,42.1975212097168,44.27153746453196,42.14906361160086,44.00986199821261,2611100,-0.04205250209710978
2022-02-23,41.76140594482422,42.6336577187879,40.87946412762924,42.34290466274755,2791200,-0.010388869941750162
2022-02-24,43.09449005126953,43.3570246207879,41.0525594561919,41.95684395923886,2447900,0.031422537630740155
2022-02-25,42.69582748413086,43.687623515325306,42.53053000020625,43.07504285004317,2040700,-0.009293949438825671
2022-02-28,44.708587646484375,45.330890149543556,41.28592017044338,42.10269313301243,5534900,0.04606440207767489
2022-03-01,46.468536376953125,46.721345358553016,44.096003628758474,44.35853817265945,4212900,0.03860984597801209
2022-03-02,48.09236526489258,48.90913831197306,46.02126522808013,46.6727370692481,3517100,0.034347991695381816
2022-03-03,48.150699615478516,48.9383032595198,46.23225638262417,48.44240343242205,2072200,0.001212229843303153
2022-03-04,49.589778900146484,49.62867373459363,46.915820233962116,47.81037917095305,2544600,0.029449073878806905
2022-03-07,50.221805572509766,51.12609004741943,48.49102258019279,49.64811976271993,2726900,0.012664564405142263
2022-03-08,50.87327194213867,53.790317368679716,49.443918496184736,49.76479527352748,3873700,0.012888370107581726
2022-03-09,49.9106559753418,52.1956737271525,49.19111637125812,50.98995981764394,3050600,-0.01910314988690795
2022-03-10,49.90092849731445,50.212079744109886,47.90761466340138,49.17166706715976,2692700,-0.00019491681470713533
2022-03-11,47.95622634887695,50.40654494375867,46.95470860952848,49.99815665667085,3034100,-0.039750965982499824
2022-03-14,49.54116439819336,50.42600152023255,47.2464209935513,50.42600152023255,2916600,0.03251528422505204
2022-03-15,49.87176513671875,50.163469001503614,48.52020105281672,49.92038182931358,2117400,0.006651085704879856
2022-03-16,50.33848571777344,50.95106635306576,48.957748824963886,50.28014346848332,2989800,0.009314894469222179
2022-03-17,49.58005905151367,51.25249619901496,49.50226937947301,50.44544875227957,2244600,-0.015181190520324173
2022-03-18,47.65480041503906,49.988438399705096,47.528397775204354,49.249455139782874,9663900,-0.039605349382630786
2022-03-21,47.8589973449707,48.063189652507575,47.25613856669699,47.557567955833846,2452000,0.004275764252225964
2022-03-22,49.72591018676758,50.610747324476776,48.627155155585015,48.95775385040031,3841900,0.038266996471219325
2022-03-23,49.58005905151367,50.338489807831515,49.29807705418986,49.29807705418986,2396200,-0.0029374113408142714
2022-03-24,50.96078872680664,51.12608991354143,49.363218502858814,49.76480042326785,2335200,0.027467770873449357
2022-03-25,52.31236267089844,52.33181009125075,50.591304916488546,50.79550097557974,2441200,0.026176234563485865
2022-03-28,55.2099494934082,55.27801359518497,52.55543839646799,52.87631519845737,3127000,0.05391045840853441
2022-03-29,54.77239990234375,55.80308707236968,53.119406495716945,55.42387170157028,2201300,-0.00795676582486425
2022-03-30,55.91004180908203,56.192023779722135,54.15981515516254,54.61681645290076,1934100,0.020557587168926736
2022-03-31,54.69460678100586,57.44635500036697,54.237601768508966,56.7268154302154,3817600,-0.021978894589140246
2022-04-01,56.41566467285156,56.687921086450174,54.15981627933768,54.80156618940257,2156500,0.0309817541254778
2022-04-04,56.765708923339844,57.07686016005796,55.93921043706989,56.746261507393044,1885100,0.006185564911583584
2022-04-05,57.36857223510742,58.65207219854544,56.83378120187756,57.02825168011093,2143100,0.010564204065384457
2022-04-06,57.95197677612305,58.41870738192256,56.755988408148966,57.27133570353136,2559400,0.010118049613461397
2022-04-07,59.22575759887695,59.38133323838485,57.70889233176311,58.10755513982808,3925800,0.021741860881784685
2022-04-08,62.249752044677734,63.105423532113164,59.21602926102367,59.5271805059736,4762100,0.04979801027946965
2022-04-11,59.002113342285156,62.874007663179846,58.7395787751902,62.40533344214372,3487700,-0.05358128949386875
2022-04-12,60.15920639038086,61.46215365293742,59.196583360790754,59.313264153331716,2553000,0.019421225280332573
2022-04-13,62.42478561401367,62.7651136048884,60.04253418848313,60.324516210916194,3405700,0.03696791395768263
2022-04-14,60.82040023803711,62.93039849179054,60.46160413239326,62.3469908533675,1860100,-0.02603713893768704
2022-04-18,61.55939483642578,62.39561156606368,60.567598760753945,60.567598760753945,1216800,0.012077215529626591
2022-04-19,64.86538696289062,65.04041004202274,61.14129302183775,61.870554615149494,2078800,0.052311674215708134
2022-04-20,63.60132598876953,66.78090267175212,63.2658645321732,65.94468227567843,2182800,-0.019679833661884236
2022-04-21,60.93708801269531,64.46671835406129,60.43146997965466,63.20266214381245,2493700,-0.04279233109086188
2022-04-22,60.70372772216797,62.67370707576249,60.56759950193818,60.77179183228286,2030500,-0.003836879511284977
2022-04-25,60.548152923583984,61.10239137604749,57.796404370812645,60.635664453405376,2261600,-0.0025661438507727824
2022-04-26,58.292301177978516,60.499533015745406,58.25340634252163,60.09114466187942,2136500,-0.03796893518569845
2022-04-27,58.42842102050781,59.498002877799514,58.07837496998613,58.350631360740714,1991600,0.0023324033928898654
2022-04-28,59.61469268798828,59.65358381212768,57.17409567859465,58.55483258896869,3354600,0.02009963253734902
2022-04-29,57.57276153564453,60.1494868907802,57.514422991698424,59.79944079024087,2578400,-0.03485249945245377
2022-05-02,56.59069061279297,58.33119553855455,55.32663814446024,57.660272614640135,2488200,-0.01720507097236663
2022-05-03,58.04920959472656,58.77847101247635,56.833773898476906,56.833773898476906,2224200,0.025446597236387116
2022-05-04,60.10087203979492,60.572458024388105,58.188259435293865,58.45760042967993,2628900,0.03473325913750175
2022-05-05,58.496490478515625,60.27589016198423,57.533863751370795,59.52718130958614,1946800,-0.02705759063147115
2022-05-06,58.603450775146484,59.53690454424849,57.07686376446439,58.59372521195125,2861000,0.0018268211791070564
2022-05-09,56.026729583740234,58.8951589152371,55.00576421740158,58.8951589152371,2193700,-0.04496469094466978
2022-05-10,55.46276092529297,58.21450533063988,55.166194327526654,56.63930175391806,2156200,-0.010117069623089302
2022-05-11,55.78364562988281,57.39774437413487,54.96687254789888,55.53083659200933,1877000,0.005768916128737333
2022-05-12,52.11957931518555,56.38895670508961,51.73942963017328,55.86259760495579,3785600,-0.06794005660012455
2022-05-13,53.23078536987305,54.48918058390232,52.27553642806169,53.15280404318429,2317500,0.021096220589398994
2022-05-16,55.16077423095703,55.68713698949383,52.96759978874107,53.04557739092021,1631900,0.03561518757346979
2022-05-17,57.821834564208984,57.97779351152788,54.56618828536687,55.414214829016174,2215100,0.047114376050390164
2022-05-18,55.833351135253906,58.7332175975384,55.49219212479895,57.91930329827414,4609100,-0.03499508353387435
2022-05-19,55.78460693359375,56.057534104131896,53.53294662159254,55.68713400650264,2181100,-0.0008734115119502824
2022-05-20,55.21926498413086,57.451426560787866,54.08856176735267,56.05754194204135,2266200,-0.01018607419412312
2022-05-23,55.17052459716797,56.13552306758424,54.4492159143839,56.04779593391003,1581800,-0.0008830597524472544
2022-05-24,55.34598159790039,55.911335091356364,53.6791696941256,55.12179084929512,1682300,0.0031752206830753093
2022-05-25,57.675621032714844,57.84132950469051,55.44345931156052,55.44345931156052,1974700,0.04123051513735782
2022-05-26,60.892276763916016,61.45080333624995,57.67561764397335,57.68536716911621,3260100,0.05427177654798364
2022-05-27,64.91797637939453,64.95696704829624,60.43415356963455,60.824052821941876,2793800,0.0640182228243462
2022-05-31,60.51213073730469,64.71327648554183,59.820059426234856,63.88474527942972,7389300,-0.07028071817920611
2022-06-01,62.04248046875,62.30565817578061,60.58036391773488,60.804554676021304,2008600,0.024975466282519475
2022-06-02,62.139949798583984,62.50060787070862,60.41465192267959,62.081463801342416,1758500,0.0015697768136680287
2022-06-03,63.524085998535156,64.1576712983547,61.525860872083946,61.662324482911664,1793500,0.02203004495490018
2022-06-06,64.71326446533203,65.24937673031712,63.73364925754051,63.91397454816831,2033200,0.0185470543708391
2022-06-07,64.8692398071289,65.01544551102772,63.51531995737741,63.86524687453178,2721700,0.002407353029642519
2022-06-08,63.13418960571289,64.79125949760373,61.535613151369645,64.76201835636196,1922200,-0.027111093531563456
2022-06-09,59.66409683227539,62.832015760640225,59.615360361663726,62.63706987819357,1811000,-0.056532008517391756
2022-06-10,58.27996063232422,59.51788629795636,57.71460717249906,58.338442908613516,1540800,-0.02347214056023828
2022-06-13,54.07881546020508,57.50017017102529,53.8058882352661,56.79835305734841,2113200,-0.07481577781245644
2022-06-14,53.06508255004883,55.053561971712945,51.97336988884988,54.61492625835252,2330400,-0.01892339516947859
2022-06-15,56.73012161254883,58.05089975358562,54.27376541738455,54.293260750483626,3891700,0.06678618219126589
2022-06-16,56.78860092163086,56.876328056808454,54.66366178199852,54.907347855452464,4837000,0.0010303025430457111
2022-06-17,56.63264846801758,57.99729212295853,54.083693930102385,57.07128419413108,6478700,-0.0027499706224878772
2022-06-21,58.85505676269531,59.40091114353285,56.63263742326474,56.63263742326474,4363600,0.03849210934918876
2022-06-22,57.71461486816406,58.90380422267016,57.37833057959758,57.782846678502466,3233400,-0.019567324262986206
2022-06-23,57.16875457763672,59.68359293348647,56.33047388623533,58.36768961823833,2667600,-0.009502931555938144
2022-06-24,57.782840728759766,58.81607102205276,56.515673886495705,57.35395457674321,6473700,0.0106843579030159
2022-06-27,57.91930389404297,58.358913776810745,56.944559604597444,57.62688135088019,1718900,0.0023588712033750245
2022-06-28,56.61315155029297,59.37167602577613,56.36946547175697,58.32869990711042,1401700,-0.02280941183763391
2022-06-29,55.86259841918945,56.686254842603205,54.897599904562156,56.49617999732661,1412200,-0.013346241694231183
2022-06-30,55.81385803222656,57.3481068684119,55.121790458608324,55.46295320104096,2424400,-0.0008728856843486927
2022-07-01,56.14527130126953,56.622897653776405,55.19002231461028,55.28749897754765,1531900,0.005920271781456561
2022-07-05,53.55245590209961,55.92108508735319,51.55423062932627,55.70664384821604,2696000,-0.04728080447379314
2022-07-06,55.32648849487305,55.774873728508226,53.182053867582006,53.73765785789801,1716600,0.032590132444103026
2022-07-07,57.617130279541016,58.38717909024809,56.116023318547136,56.116023318547136,1872100,0.0405681340366656
2022-07-08,58.14349365234375,58.29945257731286,55.969810790452776,57.451422436836374,2096000,0.009094059491464112
2022-07-11,58.32870101928711,58.62112357543515,56.93481632601509,58.14350093467608,1774700,0.0031802873392733594
2022-07-12,57.73410415649414,59.56662447254591,57.431932086385025,57.90955842709241,1808400,-0.01024621219271581
2022-07-13,58.309200286865234,58.75758174599472,56.68137918675654,56.68137918675654,1577200,0.009911831474523819
2022-07-14,56.45718765258789,57.48067213468279,55.64815182313078,56.817845718128964,2608600,-0.03227728002637722
2022-07-15,54.25426483154297,55.21536272198441,51.31053674896897,53.57194311255423,5186100,-0.03980100652273136
2022-07-18,53.42573547363281,55.238756716045245,53.211290541564466,54.90734722954594,2583100,-0.015389036156990322
2022-07-19,53.61093521118164,54.09830734946511,52.801895676821005,54.03982135426354,2326200,0.003460494822534721
2022-07-20,52.70442581176758,53.94722632424858,52.02210403468692,53.76689728395408,2803600,-0.01705362913343412
2022-07-21,52.79214859008789,53.46959554840761,51.96361746243699,52.499726057879,1816800,0.0016630454407783012
2022-07-22,52.63618850708008,54.195777790318566,52.07083506793478,53.40623734245902,1503100,-0.002958601094658333
2022-07-25,53.571956634521484,53.669433315183284,52.02211273637291,52.61670747416682,1847700,0.0176218564290795
2022-07-26,54.098304748535156,55.23875371247807,53.50371017347946,54.00083181290648,1993500,0.00977711580030789
2022-07-27,54.12754821777344,54.351738954062526,52.81164493831662,53.64017608192213,1557200,0.0005404156058552078
2022-07-28,62.95872116088867,64.2746317144689,60.61933742885376,60.99949077126617,8460600,0.1511360265224679
2022-07-29,64.43059539794922,64.91796753777744,62.032725362399404,62.23742076872222,3895200,0.023109312139926643
2022-08-01,63.65079879760742,64.91796178688125,62.510342439540544,64.3818569425874,2735200,-0.012176729343562369
2022-08-02,64.17715454101562,65.10316599278991,63.348623458581415,63.65079921746114,1722900,0.008235424326865417
2022-08-03,65.47356414794922,65.67825953135014,63.88473382724239,64.94720140347208,2286700,0.019999161281704907
2022-08-04,65.75625610351562,66.64327707405955,63.855507504792314,63.855507504792314,2425900,0.004308356016952562
2022-08-05,72.42350769042969,74.0610784848355,67.98841795320706,67.99816747891978,4216800,0.09657612215267257
2022-08-08,73.97334289550781,75.66939586229215,73.07657994173299,75.06505916752197,3183600,0.021173858616118597
2022-08-09,73.8076400756836,74.83111713545041,73.12531459913018,73.83688121500424,2945700,-0.002242546854625167
2022-08-10,75.17227935791016,75.25025324613694,73.59319099315977,74.12930330620391,2134600,0.01832028712805121
2022-08-11,76.83909606933594,78.0380274111847,74.74339430656943,75.17228418454275,2540200,0.021931036590635472
2022-08-12,79.58401489257812,79.75978356702939,77.18184797510082,77.7775080690726,2170800,0.03509968072365956
2022-08-15,79.29106140136719,80.49214853639104,78.36339798775651,78.36339798775651,1980100,-0.003687851235883283
2022-08-16,79.48635864257812,80.17966626919228,78.99811320552303,79.1934084003314,1878800,0.002460014020210069
2022-08-17,77.8263168334961,79.53517580054304,77.24042382051533,78.52939142908654,2502200,-0.021105780907832716
2022-08-18,79.6816635131836,80.21384931618914,77.55291285112637,77.55291285112637,1939600,0.023559853855130417
2022-08-19,78.93952178955078,79.36918017505671,77.97279787219684,78.4219827979374,1704000,-0.009357478164313987
2022-08-22,77.77749633789062,78.85163476417604,77.6505477615799,78.85163476417604,1724600,-0.014829873130787766
2022-08-23,77.8751449584961,78.98834392679038,77.72866984160812,78.38291692033594,1065800,0.0012546993433921866
2022-08-24,78.48057556152344,78.91511370985009,77.44549015143791,77.78726792318398,1430200,0.007744310561448362
2022-08-25,80.79486083984375,80.88274890123591,77.88980169165379,78.12904466151785,1551700,0.029062210944338966
2022-08-26,78.92976379394531,81.27334351993206,78.7051676016487,80.7948575993946,1641000,-0.02335496892288162
2022-08-29,79.09576416015625,80.06248808054852,77.28925745638179,77.77750291416054,1191200,0.0021009317851281434
2022-08-30,77.81656646728516,79.66213377337031,77.12325878431449,79.66213377337031,1802800,-0.016304977785167617
2022-08-31,79.67189025878906,80.45308597158682,77.69938188652469,78.3731630025619,3016500,0.023562484101799726
2022-09-01,80.58002471923828,80.99015655381454,79.25200396691659,79.67188789630421,2421100,0.011333957313714322
2022-09-02,79.16411590576172,81.7225247115419,79.05670131219621,80.63861923104209,2232200,-0.017727672379816393
2022-09-06,80.3261489868164,80.75579994603409,79.17388934839498,79.77930897957643,2013300,0.014572094974151857
2022-09-07,80.95109558105469,82.47441897246033,79.76367933131978,80.65814533653783,1759100,0.007750004954531046
2022-09-08,83.77316284179688,83.92939752602143,80.92181094187481,80.92181094187481,2184400,0.03426748963329254
2022-09-09,85.45272064208984,85.74566344171642,83.42649755700964,84.46646274826809,1905300,0.01985054433762973
2022-09-12,86.05814361572266,86.57569007048156,85.40389647578948,86.47803501673125,1733800,0.007059908314150821
2022-09-13,84.34928894042969,85.96050056214577,83.75362884118898,84.85706842668488,1974200,-0.02005677727749426
2022-09-14,85.98003387451172,86.44874537346726,84.23211412416282,84.34928827388423,3600300,0.019148725963331396
2022-09-15,84.75940704345703,86.18508276158002,84.28092117262294,85.81401147807327,3631800,-0.01429836738565184
2022-09-16,83.55833435058594,84.81800863125227,82.8972480381287,84.57388588189914,6245600,-0.014271734747660534
2022-09-19,87.25923156738281,87.59123491314625,83.24585318162654,83.39232831359529,4407400,0.04333835849933253
2022-09-20,85.68708038330078,88.05995367653205,85.50154471982727,86.3315679827132,4626000,-0.018181301163318665
2022-09-21,85.22811126708984,87.97204788411105,85.17929119972484,86.70261438212336,2155100,-0.005370736387072736
2022-09-22,83.372802734375,85.93121195411247,82.64043445067517,85.93121195411247,1863300,-0.022009173986961453
2022-09-23,81.8787612915039,82.35723975126577,80.22360949749978,81.81529444839434,2678800,-0.018082517539572063
2022-09-26,80.97061157226562,82.95288661182514,79.73047159210915,81.7029796381147,1973300,-0.011153363596630817
2022-09-27,81.99593353271484,83.40696243838535,81.12685731815148,81.72251730117135,1777800,0.012583386228305469
2022-09-28,83.02125549316406,83.51926795288935,81.22451576008902,82.13265262192476,1564300,0.012427010320042259
2022-09-29,81.08779907226562,84.18327320218971,80.1406017791895,83.05054771822577,1823700,-0.023564158491837545
2022-09-30,81.23428344726562,82.46465666407614,80.28708604620422,81.3221640555944,3267800,0.0018048612054626068
2022-10-03,84.55435180664062,84.86683607753848,81.89830255432445,83.0310282361889,2026700,0.04005717623080862
2022-10-04,87.23969268798828,87.36175404945011,85.11094969612672,86.22414871665595,1679100,0.03126487448818132
2022-10-05,86.09720611572266,87.36664734315463,83.57785765206923,85.61872763155174,1766700,-0.013182457110326923
2022-10-06,84.25163269042969,87.79531598013922,83.92938890912981,86.15579439353726,1677300,-0.02166901345286175
2022-10-07,82.40606689453125,83.73409512161737,81.41004944923384,83.69503459140492,2017200,-0.022148886593709897
2022-10-10,82.72833251953125,83.61693560382265,81.956903606774,82.95292131499592,982800,0.0039030757402404906
2022-10-11,80.93157196044922,83.31421240101943,80.6093355902364,82.42560945886203,1534200,-0.021958130282104794
2022-10-12,80.22850799560547,81.62488304074782,79.75978901504115,81.15617151021895,1878400,-0.00872509402110718
2022-10-13,81.84947204589844,82.33771752635596,77.4357361805777,78.66610942730561,2746500,0.020002940529514734
2022-10-14,79.34965515136719,82.76737341039686,78.81258215922013,82.2303004182498,1693300,-0.031017752487947862
2022-10-17,83.187255859375,84.26139427807702,81.18544668585878,81.2635677399548,1678900,0.04723006028310622
2022-10-18,84.47622680664062,85.34530308037968,82.52324507688381,84.4664598119823,1598900,0.015375993885762048
2022-10-19,83.6755142211914,84.20282024288935,82.57207464892103,83.08961367483708,1325800,-0.009523762676918377
2022-10-20,82.57207489013672,84.69106597890051,82.20101099972527,84.33952863007495,2076500,-0.013274845560797105
2022-10-21,85.22811126708984,85.40387989967684,81.69321952844375,82.70876335002065,1749200,0.03165977688935226
2022-10-24,85.52106475830078,85.64800587836842,83.55831619398258,85.5093458556735,1325000,0.0034313931753876914
2022-10-25,86.07767486572266,86.47803226321973,84.71058610712812,85.44295428672865,1647200,0.006487367690015222
2022-10-26,86.69285583496094,87.57169908351997,85.27694709286251,87.57169908351997,1370100,0.007121394680121658
2022-10-27,90.85271453857422,90.950362138899,87.69376587034249,87.69376587034249,3345800,0.04686819433118651
2022-10-28,91.54602813720703,93.01271649653091,89.66140027328767,90.70624530975893,1958000,0.007602211808599323
2022-10-31,92.31745147705078,93.17676079538832,91.17983867349251,91.92685362324849,2276600,0.008391311510556327
2022-11-01,93.2744140625,93.97748875204715,91.79503084075905,93.00099778323941,1467400,0.010312640198714421
2022-11-02,90.90153503417969,94.02631040926669,90.79412788834968,92.45415945165243,1966100,-0.025768949154031353
2022-11-03,92.19051361083984,93.20605763669914,89.99340898655903,89.99340898655903,1484400,0.01408034791019062
2022-11-04,92.10260772705078,93.94817465826769,90.56463776771444,92.85450233049599,1974300,-0.0009539790722264524
2022-11-07,91.30189514160156,92.82521849471259,90.7745891847476,92.82521849471259,2120300,-0.008731712256780478
2022-11-08,85.48201751708984,90.9161919653855,84.0563416431056,87.4545259317709,4345400,-0.06586551230220133
2022-11-09,85.29647827148438,87.8060595760821,84.30046083562745,84.95470794790769,2241500,-0.0021728651227224055
2022-11-10,92.90335845947266,93.58689921856747,86.12650814772321,88.37244055623852,4885600,0.08542662924441403
2022-11-11,90.13987731933594,93.6161901715573,89.45145686078102,93.04982363186507,3133200,-0.0301971402460055
2022-11-14,91.85232543945312,92.63471621985362,89.97459652020969,89.97459652020969,1997000,0.018819472875253002
2022-11-15,91.44156646728516,92.66404730240929,90.61028099168692,92.4293330712661,2537200,-0.004481978701088495
2022-11-16,89.66165924072266,92.43913287777798,89.27046377399338,92.23375693656752,1384600,-0.01965690595902316
2022-11-17,88.06753540039062,89.44649010685691,86.91351302252563,88.43916694323693,1792500,-0.017939276602850718
2022-11-18,91.24597930908203,91.38289657589132,88.04405523791733,88.13598753461255,2515700,0.03545496125311151
2022-11-21,91.3340072631836,92.14573650358882,90.71787947545988,91.9990372794358,1744800,0.0009642673611162664
2022-11-22,94.15059661865234,94.23861913359396,92.01858938360351,92.47824344908312,1567600,0.03037239549123865
2022-11-23,94.49288940429688,95.73492675604335,92.33643123585107,93.91587452079497,1135900,0.0036289952917635164
2022-11-25,95.02100372314453,95.30461274005175,93.88653780978906,94.47332717881392,631700,0.005573371716199262
2022-11-28,92.72273254394531,94.46354421983733,92.30219879943184,93.95499542856668,1590100,-0.024484289466062677
2022-11-29,92.35110473632812,93.01613469715701,91.26554101407166,92.60538287290643,1436200,-0.004016000452079894
2022-11-30,94.00389862060547,94.80584583220107,91.69585397036805,92.06748549622837,3361800,0.017738587029467807
2022-12-01,92.39021301269531,95.6273398842779,91.81319817717666,94.86451303514383,1748600,-0.017315202835526917
2022-12-02,90.01371765136719,91.43179256006047,89.0357328973907,90.94280018307224,1848700,-0.026058976197425098
2022-12-05,88.07730865478516,89.59318807857385,87.82303797914763,89.00639869116372,2397000,-0.02174714080715318
2022-12-06,88.78145599365234,88.87925297810922,87.82303509997065,87.88171179835845,1237500,0.00796286303288229
2022-12-07,89.94526672363281,91.14818389568919,88.59564287219217,88.87925937051764,1237200,0.01302353852834472
2022-12-08,89.3976058959961,90.93792917381602,88.92816984728394,90.29735023947546,1002400,-0.0061074356843249826
2022-12-09,87.74478912353516,89.83767580002204,87.71545077614823,89.34868344642358,1384600,-0.018661424758895546
2022-12-12,88.87925720214844,88.91837749007674,87.10910707662713,87.99907683877382,1554100,0.012846310609744727
2022-12-13,88.84013366699219,90.66896788827555,88.40004350139077,89.9550431786171,1629900,-0.0004402843786142067
2022-12-14,88.84992218017578,90.25822275262603,87.90127568131317,89.52473411471357,2561600,0.00011017513779071895
2022-12-15,87.72522735595703,88.8499112885065,87.46117476170764,88.8107910039082,2245100,-0.012739165588696469
2022-12-16,86.25824737548828,86.64944274695846,84.03822539414907,86.20935261744896,3911700,-0.016863840070577504
2022-12-19,85.7986068725586,86.71790747955743,85.08467470977995,86.43429100181969,1238100,-0.005342903639263231
2022-12-20,85.63233947753906,86.18001599311806,85.20691851308011,86.06265514090157,1306600,-0.0019397600105884676
2022-12-21,87.67632293701172,88.18487165790039,84.80104575797087,86.05286488147884,1409500,0.023588875579390926
2022-12-22,85.40740966796875,87.407386683007,84.6250188865133,87.1677777340963,1548300,-0.02621902372168007
2022-12-23,86.1017837524414,86.28760325439818,85.21181399194528,85.59322747174876,600700,0.008097267144104298
2022-12-27,85.7105712890625,86.95261593180851,85.34871429443757,86.49296196771024,634400,-0.004553958175847709
2022-12-28,84.7032699584961,86.3951796006174,84.51745044604036,86.0137660992637,752000,-0.011821962990419498
2022-12-29,84.85972595214844,85.75947751307864,84.38051555632848,85.24114683535467,870800,0.0018454030870729168
2022-12-30,84.31206512451172,84.69347858336515,83.24606531936539,84.69347858336515,1343300,-0.006474634303417877
2023-01-03,80.10673522949219,84.2240501714797,79.01138961277292,84.1066893142282,4030600,-0.05116504025272368
2023-01-04,81.57371520996094,81.89644452113818,79.50038476155841,80.14585084534474,2612200,0.018147156752658506
2023-01-05,80.59571838378906,82.07246982931743,80.08227495155379,81.09448518179525,1906300,-0.012061566241726442
2023-01-06,81.66173553466797,83.28519397828181,81.25098368559662,81.77909640358791,1914100,0.013140012533098619
2023-01-09,82.15071868896484,83.33407933661269,81.73996688626357,82.00401948473397,1301500,0.005970054095782316
2023-01-10,81.25098419189453,81.65195410569635,79.78400689769947,81.56393904953218,1376700,-0.011012658673740646
2023-01-11,82.25830841064453,82.51747380553398,80.62507546058545,81.17274460277713,1696200,0.012321464387586047
2023-01-12,82.48323822021484,82.93311781483558,80.94780231249864,82.03336608702632,1496700,0.0027307009548033245
2023-01-13,83.28520202636719,83.81820203403166,81.61284119374031,81.96491637308986,1366200,0.009675787039572307
2023-01-17,81.53458404541016,83.14825277031414,81.17272703396293,82.08225306906577,2763600,-0.021243612295677797
2023-01-18,80.04804992675781,82.64949293127067,79.9698093563744,81.4856886964695,2084900,-0.018400195897875875
2023-01-19,79.0602798461914,79.98936979133677,78.97715204176907,79.80355031002146,1635500,-0.012416480925128991
2023-01-20,81.1727294921875,81.27052646916898,78.67886554128883,79.33412095607001,1795100,0.02636874953646505
2023-01-23,82.28763580322266,82.43433500718022,80.74046322116558,81.10427515777953,1596200,0.013641516075967355
2023-01-24,82.06269836425781,82.37565316448352,81.15317231025323,82.1507134042755,1176000,-0.0027372938492004352
2023-01-25,81.56391906738281,81.72039272715135,80.6739494787818,81.58347547681743,1535200,-0.006096573401045539
2023-01-26,83.98932647705078,84.17514596462735,81.44656765466273,81.78886082012107,2161100,0.029302729127423165
2023-01-27,84.6739273071289,84.75216788328851,82.97222835210147,83.98933345788035,1455100,0.00811800524925472
2023-01-30,80.58595275878906,84.93798233654549,80.43925353968253,84.02845613180365,3045800,-0.04948337933588276
2023-01-31,83.48078155517578,83.6176988276867,80.56638362294692,81.0553760137521,2509000,0.03529209341608535
2023-02-01,83.52969360351562,83.97956576059813,81.0504983090454,83.5737011331206,2623400,0.0005857363101541066
2023-02-02,83.45145416259766,84.77173229883569,81.91112345245934,83.59815339138693,2389600,-0.0009371051485782926
2023-02-03,81.36833953857422,83.28519648138207,81.22164777480593,82.52236200262423,1807200,-0.0252788273208284
2023-02-06,81.42701721191406,82.00402466720791,80.6935286058363,81.18252100988815,1502000,0.0007208765293082512
2023-02-07,84.0382308959961,84.37074213358449,80.51748724512939,81.49547200711633,2032900,0.031564700297544275
2023-02-08,82.48323822021484,83.128711799202,82.28764423584843,82.88421558802787,2005900,-0.01867672540755697
2023-02-09,82.56146240234375,83.5785673342093,82.08225201281168,83.06023666328653,1975000,0.0009479151731762008
2023-02-10,84.89884948730469,85.08466896811139,82.31697047415234,82.35609075755539,1350300,0.02791752705614039
2023-02-13,84.48809814453125,85.378067808374,84.04800801145525,84.977090497474,1173500,-0.004849867756991481
2023-02-14,84.16536712646484,85.673419466456,83.27540486351073,84.02844985524113,2383100,-0.0038271542357079264
2023-02-15,84.1164779663086,84.58101927185528,82.50280149207556,82.63971877241705,2030600,-0.0005810390479703017
2023-02-16,83.74481964111328,85.98440529800955,83.05534616032668,83.12869202165597,3037600,-0.004428167037938256
2023-02-17,82.68862915039062,84.14582461278098,80.09696758312573,83.32431338831445,3570700,-0.012692216342788743
2023-02-21,78.60063934326172,81.18251856188614,78.14098530348443,79.81333837954126,5056000,-0.05070226387753382
2023-02-22,76.08721923828125,77.56397089102596,74.71803904734205,77.56397089102596,3341000,-0.03249952971183764
2023-02-23,77.4759521484375,77.69599722223033,76.28280957409065,76.28280957409065,1584900,0.01808728952058846
2023-02-24,77.80180358886719,77.93921747883734,76.04496352363833,76.29033316815588,1529100,0.004197019942804153
2023-02-27,76.9184799194336,78.61643368957331,76.55042544758345,77.94902794776155,1326200,-0.011418454604349254
2023-02-28,73.50293731689453,76.54551970950818,73.02201486316778,76.36885324861639,3584800,-0.04542078977203901
2023-03-01,72.97293090820312,73.9936695297333,71.48108676171275,72.75700442255999,2594400,-0.007236806010547987
2023-03-02,74.76903533935547,75.3088515305985,72.62941182656297,72.75700134081724,1949900,0.024315270316546497
2023-03-03,77.51718139648438,77.73310039368249,74.59237193886014,74.81811530659141,2304600,0.036095774005572956
2023-03-06,77.34051513671875,77.41902773221044,75.91736670217662,76.90866216512151,2295000,-0.002281660393561015
2023-03-07,76.4571762084961,77.60550424976002,75.88791688462474,77.60550424976002,2203900,-0.011487150865058747
2023-03-08,76.6240234375,76.99698255836464,75.67198812867333,76.30995062832808,1261600,0.002179853508568383
2023-03-09,77.18347930908203,78.70477418958671,75.96644789753094,76.59459362530491,3110500,0.007274786065789735
2023-03-10,76.11365509033203,78.3023477915501,75.80939168573866,77.72327911328334,2895700,-0.01395775063081863
2023-03-13,75.67198944091797,77.14911934824143,75.07328696803827,75.50513989617092,2242400,-0.005819613538571481
2023-03-14,76.48661804199219,77.6349460633897,75.74069230251678,76.06458199719398,2142800,0.010707726601867858
2023-03-15,75.89774322509766,76.43755197141975,74.93589088599155,75.8584831818599,1957000,-0.007728847545364223
2023-03-16,76.97735595703125,77.576058416987,74.6218061541989,75.20088233970252,1962900,0.014124349694155552
2023-03-17,75.34809875488281,77.0067997633395,74.57764205068115,76.28050779309302,3896500,-0.02139260755454757
2023-03-20,75.5738525390625,76.97736724288288,75.48552305894819,75.6327388591387,1629500,0.00299166490520358
2023-03-21,75.10274505615234,76.66330004611532,74.56293627674954,76.14311754549034,2045700,-0.006253247359908974
2023-03-22,73.04163360595703,74.91626127468015,73.0220073292553,74.85736746840047,1863400,-0.02782750816965909
2023-03-23,72.04051208496094,73.7384654299996,71.42217593468393,73.28698628946661,1655400,-0.013800973320565998
2023-03-24,72.07978820800781,72.1583008022596,69.84201827795702,71.21608227845333,2777200,0.0005450463805497599
2023-03-27,73.87589263916016,74.02802811567905,72.07979245048578,72.07979245048578,3225500,0.024612883750174928
2023-03-28,74.11144256591797,75.38736010471784,73.46758692832624,73.67958963594042,1752200,0.003183382217833001
2023-03-29,74.47460174560547,75.14200756727048,74.0280346239432,74.8770116105908,2299500,0.004888210120923271
2023-03-30,75.39717102050781,76.00569032931978,74.59235902528476,75.26958152314921,1737800,0.01231160359410232
2023-03-31,77.04606628417969,77.14421264170136,75.30885254297625,75.39718201831963,2984400,0.021633751708247693
2023-04-03,75.20089721679688,77.09515131984028,75.06349080418961,76.5553350645347,1894900,-0.02424034443732122
2023-04-04,74.61199951171875,75.54440867000338,73.72867476651611,75.24996209621088,1316200,-0.007861816321002218
2023-04-05,75.0831069946289,75.69162637447965,74.27829490545179,74.47458761477816,1204800,0.006294247677802169
2023-04-06,75.53459167480469,75.55422544000822,74.74941329267403,75.19107566461706,1223000,0.005995125890486749
2023-04-10,75.89774322509766,75.93700326833542,74.45496846048229,75.11255733651767,1485500,0.004796231223526343
2023-04-11,75.98606872558594,76.36884476699186,75.7456112694721,76.31977533158098,1371500,0.0011630668115391873
2023-04-12,75.38735961914062,76.50624448679692,75.24014383767522,76.48661821196372,1171100,-0.007910400589845367
2023-04-13,75.71125793457031,76.15292030542464,74.75922250290608,75.26959556371598,1324700,0.004287250496287232
2023-04-14,75.01439666748047,75.21560154267206,74.10162142850655,74.90643344118675,1328400,-0.009246816466235892
2023-04-17,73.650146484375,75.4020816879935,73.27718735542459,75.16162425131078,1093300,-0.01835391884928097
2023-04-18,73.10051727294922,74.54328428515794,72.79625386562041,73.94458183961942,1235200,-0.007490688864291505
2023-04-19,73.36551666259766,74.00347917467235,73.12308985967715,73.58144312712324,1039300,0.0036185820246418692
2023-04-20,75.05366516113281,75.15181151752749,73.30663455781168,73.35570399196553,1926900,0.022749368151945237
2023-04-21,75.13219451904297,75.53950157397209,74.55311821506028,75.39719046283983,1178900,0.001045762433749183
2023-04-24,75.85847473144531,75.90263946713512,74.19977365784057,75.01440261607968,1094300,0.009620274119127699
2023-04-25,75.5051498413086,75.71125945104141,74.43533426154771,75.2205201455573,1722400,-0.004668565950043692
2023-04-26,74.45497131347656,75.54441321878535,74.06237835414304,75.09293393638255,3100600,-0.014006332992087223
2023-04-27,75.32847595214844,75.80939832736104,74.57274079110006,74.85736297065368,1865700,0.011663699258678845
2023-04-28,75.96643829345703,76.03514148974375,74.88681342834282,75.47569903766995,2233400,0.008433411335791903
2023-05-01,75.6229248046875,76.21181043342534,75.33829512837869,76.08421343033933,1788300,-0.004532165974503656
2023-05-02,75.36772918701172,75.9664316255683,74.54328341584932,75.30884287767374,2554000,-0.003380286844584908
2023-05-03,75.09292602539062,76.16273405158081,74.73959314802264,75.7701411336067,1607000,-0.003652828266563698
2023-05-04,77.13440704345703,78.88144541049877,73.5225726345299,75.5542332335955,3830400,0.026823085913505944
2023-05-05,78.01773071289062,78.95994925698177,76.83014252227302,77.65458842840737,2359300,0.011386671511277209
2023-05-08,77.25216674804688,78.37105156530214,76.63383802948566,78.26308833836644,2360100,-0.009861153786057838
2023-05-09,77.48773193359375,77.63495522018304,76.368846936455,76.53570398823615,3158300,0.003044662294951904
2023-05-10,77.9833755493164,78.63605964649227,77.2865267170449,78.37105625974498,1629400,0.006376043792333051
2023-05-11,77.93115997314453,78.35469917192954,77.06437788367384,77.39927301317569,2497400,-0.0006697974367690607
2023-05-12,78.65020751953125,79.1820946188244,77.67508492820645,78.25621624063723,1991000,0.009184395466532814
2023-05-15,79.06388092041016,79.87155951686809,77.99026257897833,79.41847225688021,2048300,0.0052458769363559745
2023-05-16,77.81297302246094,78.98509489423066,77.153042016825,78.98509489423066,3709100,-0.01594797931224953
2023-05-17,79.18209075927734,79.41848250918795,77.5273334803866,77.90162104397493,2329500,0.01744198082900078
2023-05-18,80.17691040039062,80.24585830155488,78.36652262737913,79.06388461976509,2849300,0.012485426703667014
2023-05-19,81.06338500976562,81.98433354275426,80.30495061750429,80.50194997934496,2444800,0.010995806462732228
2023-05-22,82.27491760253906,82.69845693205444,81.07324752741361,81.48694252269671,1908300,0.014834913701004003
2023-05-23,82.77725982666016,83.28944327220015,81.91540711891054,82.10747685033294,2232200,0.006087090555701048
2023-05-24,82.05821990966797,83.1022979479629,81.30964473022182,82.77725457241564,2430300,-0.00872438966350409
2023-05-25,81.50662994384766,81.94986540893814,80.66940322381112,81.94986540893814,1863100,-0.006744628290232845
2023-05-26,82.59009552001953,82.688591449415,81.07323416010459,81.70361712594486,2267100,0.013205398436245259
2023-05-30,82.44235229492188,83.76714403347923,81.88584688231742,82.5999518022224,2198200,-0.0017904753461931264
2023-05-31,82.75756072998047,83.27960356867388,81.21115094324325,82.27492529093449,5214700,0.003816089388988575
2023-06-01,87.54451751708984,87.8222855140436,83.51597603293122,83.59969795090491,3646900,0.05623205718557902
2023-06-02,86.22466278076172,87.71197627896855,85.95871547554322,87.32783685121609,3225600,-0.015191187713665103
2023-06-05,86.19510650634766,87.47556863813837,85.87006317094963,86.50044614670213,1819000,-0.0003428409030561448
2023-06-06,88.20446014404297,88.53934783150916,85.83066824323575,85.83066824323575,2311500,0.02304412327043485
2023-06-07,89.44552612304688,89.51447403297239,87.79076877007626,88.20446374438785,2452100,0.013972263049600836
2023-06-08,90.91313934326172,91.0786143196204,89.69176568715015,90.11530497609438,3075700,0.01627474465772493
2023-06-09,91.88825988769531,92.36104337707516,90.70628613472954,90.91313736543604,2530100,0.010668734459262945
2023-06-12,92.34133911132812,92.60727886147548,91.48440877906232,91.6026083984375,1720700,0.004918646510037327
2023-06-13,92.83383178710938,93.89760588062558,92.1837451139302,92.54818832599348,2429900,0.005319221087918908
2023-06-14,91.79961395263672,93.57257093413426,91.37607464676556,93.10963174925665,2573200,-0.011203047716675857
2023-06-15,92.05570983886719,92.34135332692952,91.56322262112356,92.31180529622627,3712300,0.0027858432008117475
2023-06-16,91.49427032470703,93.09977587226517,91.34652266351571,92.18374939058889,4963400,-0.006117584590755968
2023-06-20,90.60780334472656,91.95722113281991,90.50930739638058,91.73067368834091,1846900,-0.009736011945956734
2023-06-21,89.14017486572266,89.66713972753737,87.8449312461005,89.51446239741517,2684900,-0.016330209758663453
2023-06-22,87.90897369384766,89.32240968969252,86.54478191390585,89.1401918128091,3205600,-0.013908239928882732
2023-06-23,89.00228118896484,89.33716885456644,87.78091512212698,88.29309846797584,2875900,0.0123601114551593
2023-06-26,89.26823425292969,89.8296694049069,88.34236335346834,88.89394665653117,1890400,0.002983704406859688
2023-06-27,89.48490905761719,89.64743071054373,88.62798627005908,89.60310867286117,1472800,0.002424292035312737
2023-06-28,89.1894302368164,89.53416975574025,88.36204787664128,89.53416975574025,1605400,-0.0033074597206096015
2023-06-29,89.50460815429688,89.97246939579658,88.78557368264754,89.15001684153238,1738700,0.00352757425095835
2023-06-30,90.17440795898438,90.90328689980326,89.67206891846682,90.66689515151896,2667100,0.007455549587861937
2023-07-03,90.2236557006836,90.36155151880978,88.97274148917933,89.6425243978316,1089100,0.0005459897065806505
2023-07-05,90.75554656982422,91.80946894638792,89.97741584099549,90.04636375292924,2087300,0.005877939496659377
2023-07-06,89.6326675415039,90.09560669710154,88.49994551467616,90.09560669710154,2263300,-0.012449743873855676
2023-07-07,89.95771026611328,90.3319978182818,89.29777924725377,89.63266692317961,1334000,0.003619827337087255
2023-07-10,92.193603515625,92.22315154564141,90.00695911731023,90.00695911731023,1539300,0.024551078002428155
2023-07-11,92.94219207763672,93.01113999030783,91.46473036489103,92.43000114228657,1260900,0.008086957353073515
2023-07-12,94.61663818359375,94.71514163511338,92.6663930855408,93.51347166825335,1532600,0.01785563058934847
2023-07-13,93.8385009765625,94.62648344532322,93.45436158960004,94.40978789067613,1462400,-0.008258109942476145
2023-07-14,93.57257080078125,94.09953572763817,93.2760910326664,93.46422301235756,1259900,-0.0028379364328917473
2023-07-17,94.7348403930664,95.46371936263368,93.05053502993688,93.05053502993688,1951400,0.012344541773608813
2023-07-18,93.93701171875,95.19777775490391,92.47924629272308,94.55754288864372,1925300,-0.008457365748066674
2023-07-19,93.30662536621094,94.10445220109958,92.51864286439539,93.40512130024837,1785300,-0.006733352802349445
2023-07-20,95.43416595458984,95.85770523359881,93.80895674375279,94.06505218367305,1600300,0.022545531275710223
2023-07-21,95.14852142333984,96.67523468323633,94.86287795791853,96.11379960010008,5081100,-0.0029975938430693893
2023-07-24,95.09927368164062,95.35536159442981,94.32114306641726,95.1485178888273,1077800,-0.0005177220873656962
2023-07-25,96.05469512939453,96.68508562581601,94.45904149476516,94.50828570332011,854800,0.009996438053134092
2023-07-26,95.87741088867188,96.76388941079541,95.21747980016389,95.21747980016389,1243000,-0.0018473646209556983
2023-07-27,93.98624420166016,96.28123608267123,93.76954865722033,96.26153990352097,897900,-0.019921972256027827
2023-07-28,94.30144500732422,95.2076271478546,93.82866151333789,94.81363589302723,1135900,0.0033480797542184207
2023-07-31,95.1977767944336,95.23717667201069,93.96655880049306,94.39994242432451,1170200,0.009460075489466523
2023-08-01,94.85303497314453,95.63115811357508,94.62648756122559,94.79393140082415,1469600,-0.003627895047605029
2023-08-02,94.11430358886719,94.58216490932645,93.01112959466974,94.54768719946495,2040300,-0.007818654305016918
2023-08-03,99.62030792236328,102.01773369313382,94.32114847762018,94.52799219508931,3511000,0.056855999437311365
2023-08-04,102.37823486328125,103.13173962895455,100.26053853845264,100.3885824967882,2723600,0.027308101240474655
2023-08-07,102.19109344482422,103.07757190295989,101.23074491299319,103.0086239959248,1759800,-0.0018296141675710137
2023-08-08,103.23516082763672,103.35336045679165,101.41295975469038,101.41295975469038,1207300,0.010164975032031169
2023-08-09,103.53064727783203,104.3087778615985,102.74069598068648,103.04801198427064,1646700,0.0028581771237661422
2023-08-10,104.13150024414062,105.2445186693346,103.53066522737645,104.37774385708467,1563700,0.005786848014801609
2023-08-11,105.23957824707031,105.39463805367393,103.68903292502789,104.13346135074832,1414100,0.010584922776393219
2023-08-14,105.67413330078125,106.26669702727226,104.40307834329276,105.14082368648238,2404000,0.004120696235650304
2023-08-15,104.9235610961914,105.26428735171262,104.31124843744138,105.07170392922552,1709600,-0.007128049380855057
2023-08-16,103.79767608642578,105.1309463658587,103.69891672033013,105.0815704502392,1835200,-0.01078851338060371
2023-08-17,103.5211410522461,104.82971953318601,103.27423888340036,104.17296639472983,1800600,-0.002667728882495879
2023-08-18,103.4717788696289,104.2322419254805,103.21500598635491,103.23475484858454,1669000,-0.0004769456227927412
2023-08-21,104.79515075683594,105.13686400074671,102.98782518273775,103.30385963819298,1377000,0.012708591813674907
2023-08-22,104.94331359863281,105.22477818958224,104.20260699580338,104.3507498233407,1276900,0.0014128344736179972
2023-08-23,107.09629821777344,107.90613711373648,105.62475571455151,105.62475571455151,1393500,0.020308079177628283
2023-08-24,105.59513092041016,108.88387002756772,105.51612040816956,107.55059965665056,1498700,-0.014116151562511507
2023-08-25,104.55815124511719,106.10869683204,104.26186557735562,105.49637663493294,1383800,-0.009868873623586799
2023-08-28,104.06433868408203,106.01979982684398,103.9260740592345,104.98775047178312,1088000,-0.004734038822406836
2023-08-29,104.23223114013672,104.85442195656915,103.50140275553808,103.92607483068127,1131500,0.0016120523977428624
2023-08-30,104.42974853515625,104.95120584168872,103.78780133195643,104.03470352281353,1167400,0.001893181060785079
2023-08-31,102.86933135986328,104.77540902025869,102.48415701401024,104.63714439758604,2035500,-0.015055027247118645
2023-09-01,105.9605484008789,106.07906416869453,103.89644210351845,104.3211141862864,1338800,0.029607284670408726
2023-09-05,104.73590850830078,105.40748274402945,103.84804621328063,105.22971287178197,1433200,-0.01162481516418124
2023-09-06,105.318603515625,106.45435516078265,104.6766562783744,105.01244719387697,1337800,0.005548050326209115
2023-09-07,107.19506072998047,109.58013690115524,105.85191215074924,106.52348644036486,1951100,0.017660097196433022
2023-09-08,107.29380798339844,108.30117307145547,106.88889233671946,106.88889233671946,1428100,0.0009207681590837402
2023-09-11,108.61722564697266,109.02905836041042,107.3037040559093,107.45184689175649,1820700,0.012259070001285424
2023-09-12,107.15554809570312,108.73078523872395,106.80988654430124,108.18266208762356,1557100,-0.013548511101783806
2023-09-13,107.9159927368164,108.72583151991714,107.1654155957954,107.43206661315834,1894600,0.007071580062573101
2023-09-14,111.06648254394531,111.22450356554687,108.16785318451218,108.39994185070383,2308300,0.028775884439275753
2023-09-15,108.56783294677734,111.28375707826832,108.43944651856447,111.06648194217193,4287700,-0.022753797774412703
2023-09-18,109.36778259277344,110.8590738022336,109.04187745641573,109.06162631458496,1358500,0.007341188696086601
2023-09-19,109.17028045654297,109.99986825309153,108.933256448223,109.71346078956195,1972100,-0.001807485499273522
2023-09-20,108.76533508300781,109.80232715247847,108.54806751493793,109.5554249964003,924500,-0.0037161969929623557
2023-09-21,108.57770538330078,109.26902847523866,108.15303333115135,108.2715415555655,1443800,-0.001726576990143136
2023-09-22,108.99250030517578,109.36778891092122,107.26912035467282,108.10365093908749,1210500,0.0038129800274314556
2023-09-25,110.81957244873047,111.52077372867181,108.13821841771932,108.36042887050566,2115200,0.016624330039862082
2023-09-26,107.14566802978516,110.33070464798696,106.59260955718827,110.27639340179516,2309700,-0.03371411328661901
2023-09-27,109.37767028808594,109.91097992324454,107.62960609633572,107.62960609633572,2819500,0.02061746636668589
2023-09-28,107.96538543701172,109.60481953604945,107.48639460294687,109.39741507327662,1550700,-0.012996087903667715
2023-09-29,107.7283706665039,109.33817031221314,107.29382037950086,108.6764742187183,2867500,-0.002197697978703272
2023-10-02,103.43226623535156,106.95802912143415,101.48667581987829,106.95802912143415,2892500,-0.040696006597573206
2023-10-03,103.59027862548828,103.61990568167926,101.13607033958155,101.93109566508453,2557000,0.0015265237989155753
2023-10-04,104.84453582763672,105.27907850134238,102.93350800397143,103.3433664898,1973900,0.012035152043076236
2023-10-05,106.54322814941406,107.1555482807094,105.28896836505976,105.6543863113765,1589200,0.01607215910737972
2023-10-06,108.80485534667969,109.20977855525604,103.8273062890846,105.22971645562453,2095800,0.02100515886258786
2023-10-09,109.99987030029297,110.10554667688817,108.60734574878244,108.80486450358218,1258400,0.010923226929199979
2023-10-10,111.59979248046875,112.08371867438515,109.58506965893939,109.58506965893939,1464400,0.014440003747998805
2023-10-11,113.6441421508789,113.7508055870561,111.90594858621323,112.49851988281671,1353300,0.018152815631578636
2023-10-12,114.28609466552734,114.72064496055984,113.04170543375261,113.48613392681513,1299700,0.005632900847386606
2023-10-13,112.28123474121094,115.93538389211324,111.5899041350562,115.32306378978014,1699400,-0.01769815851458295
2023-10-16,115.38233947753906,115.66874693760707,113.18984670622052,113.34786019823827,1701700,0.027244556490382467
2023-10-17,115.69837188720703,116.52795965860534,114.2762128106875,114.61200371924667,1214600,0.0027352573465609475
2023-10-18,114.63174438476562,117.17483383715245,114.37496400656086,115.87613348775854,1050700,-0.009261794717758426
2023-10-19,112.8738021850586,115.16505412770695,112.69603231300584,114.56261220213135,981000,-0.015454367725218425
2023-10-20,110.71095275878906,113.36762302877399,110.53318286089308,112.69604869615117,1654400,-0.019347624079090586
2023-10-23,110.7208251953125,111.62942349956045,109.03102795430723,110.44429593183334,950800,8.916910319924781e-05
2023-10-24,112.85404205322266,113.87128533646731,111.85656269821733,111.85656269821733,1930900,0.019083375716590443
2023-10-25,110.64181518554688,112.85405683831577,110.28627540663757,112.81455911608793,1575000,-0.01979722709625306
2023-10-26,111.32325744628906,111.62941374197152,109.76283384178858,110.61217795386571,1652700,0.006140104779330817
2023-10-27,109.40728759765625,111.9553197825549,108.53127767989841,111.59978005745944,1128700,-0.017360696226174754
2023-10-30,111.62942504882812,111.82695133609559,110.12332007341492,110.47392452402877,1271600,0.02010717849827568
2023-10-31,111.5207748413086,112.10346790416752,109.79245958150581,111.7183011062,1942000,-0.0009737855144985187
2023-11-01,113.42686462402344,113.95029606145398,111.43189824336909,112.18247547616988,2751300,0.016947369692147607
2023-11-02,115.73786926269531,116.43907055549685,112.96268361289987,113.48612256809731,1894600,0.020169621604747903
2023-11-03,115.6193618774414,117.19953444996204,115.4020867359341,117.17978558930555,1853200,-0.001024453785467645
2023-11-06,123.18444061279297,124.06736004748537,116.59708463556805,117.51556105887873,2530800,0.0633793168937351
2023-11-07,118.38465118408203,123.42540203947165,117.1896456258425,122.89802239778673,2271500,-0.039743670619415285
2023-11-08,119.67842102050781,119.97470664062078,117.49086386015743,118.9278363084496,1730200,0.010869242017496698
2023-11-09,119.13523864746094,122.81408720262833,119.02660108413522,120.08334212614814,1603200,-0.004549013741494616
2023-11-10,120.2611083984375,121.2042765177717,119.87199334244617,119.94507391500456,1219700,0.009405975200160541
2023-11-13,120.21173095703125,120.72133589579282,119.41177032925431,119.87594008429295,891600,-0.0004106695977187776
2023-11-14,124.95225524902344,125.13990332194831,121.85116438886469,122.51286797528408,1433300,0.038677093674554644
2023-11-15,120.47838592529297,125.66333171744009,120.1821078295128,125.01151387883844,1982200,-0.036461339402527146
2023-11-16,120.44076538085938,122.5789465118287,120.28238578911056,121.75733019470727,1474500,-0.00031230846145202933
2023-11-17,120.4605712890625,122.2720771035504,120.37147662968265,120.96541333372694,1487900,0.00016443170072485692
2023-11-20,121.04461669921875,121.60885774654815,120.25270354720874,121.21289739438538,1041600,0.004836720516116812
2023-11-21,121.27230072021484,121.93552999137245,120.61896498278855,121.65836000057918,984700,0.0018792256886240098
2023-11-22,122.00479888916016,122.58883446359981,120.74267876949908,121.65833646768627,1376700,0.00602194274526509
2023-11-24,122.60865020751953,123.04420732977846,121.80683600728396,121.8266306254252,532500,0.004937198238350481
2023-11-27,123.83612060546875,124.11329057369673,122.12360292221082,122.67794285866677,1073200,0.009961506135468378
2023-11-28,123.19268035888672,125.22197225830696,122.50965655487006,123.71733212019802,2003000,-0.005209446827476281
2023-11-29,119.36178588867188,122.68784051919437,118.5500706248131,122.30178128103684,2078800,-0.03159053811550425
2023-11-30,119.817138671875,120.62885394288047,119.29744121522116,119.3716804723224,2650000,0.0038076376017296375
2023-12-01,118.66886138916016,119.71815744861253,118.44118928591732,119.40139067934581,1454900,-0.009629799283901732
2023-12-04,117.71855926513672,118.3421992607355,116.85735363664756,117.79775284431044,1946900,-0.008040252233356948
2023-12-05,117.1147232055664,117.73836321056429,114.71422727516807,117.50573678843261,1805900,-0.005142690031278087
2023-12-06,111.49210357666016,118.4609798120712,111.08624970770717,118.13431196846243,2629800,-0.04920022614867577
2023-12-07,109.41332244873047,112.29392656096897,108.34423179559151,112.11574478544581,3497000,-0.018821108467742556
2023-12-08,110.08643341064453,110.48239368135162,108.54219666243223,108.87875798352917,2627300,0.0061331555402717765
2023-12-11,114.9765396118164,115.12502567428284,109.55190065560444,110.42301486083963,2582900,0.04346228865163675
2023-12-12,113.33331298828125,115.22402000972934,112.69977947013373,114.98644682850284,1846200,-0.014394954749305652
2023-12-13,115.25371551513672,115.57048227366572,112.38301251779032,113.43230098935852,1731100,0.01680277067323668
2023-12-14,114.43209075927734,116.6197622052152,114.20441868042444,115.46158453718598,2456400,-0.007154366861000494
2023-12-15,117.55027770996094,119.64886222875334,114.44200149722593,114.50139290501217,6046800,0.02688458422785288
2023-12-18,118.15411376953125,120.3120896639534,117.70866311314161,118.36199124600077,2019800,0.005123683753012284
2023-12-19,119.5894546508789,119.82703536953413,118.05016450738123,118.55996086031735,1012700,0.012074844593757504
2023-12-20,115.82785034179688,118.91137738899447,115.81794925712676,118.6193595859017,1324300,-0.03195962577611435
2023-12-21,117.1147232055664,117.23351357611732,115.62987755909982,116.30300788759062,904600,0.011048954563071032
2023-12-22,114.16484069824219,116.78806966944472,112.86807028962261,113.83817282453768,1188400,-0.025510619578474527
2023-12-26,116.3822021484375,116.64947104334536,114.4222025606228,114.4222025606228,740700,0.019236246079468493
2023-12-27,116.23371124267578,116.5702801710616,115.69916592275611,116.09512625813905,541300,-0.0012767047943255953
2023-12-28,115.92684936523438,117.57997570083809,115.76846220496994,117.51068320630128,559700,-0.002643533038864048
2023-12-29,115.70907592773438,116.08523412157182,114.75877558094834,115.55069631276127,849900,-0.0018803085176632207
2024-01-02,114.08563232421875,116.04563176005254,113.80846236512032,115.22401541535724,1362800,-0.01412974759764433
2024-01-03,114.67957305908203,115.9822794649308,114.33311059803589,114.33311059803589,1372400,0.005192590965946142
2024-01-04,114.19451904296875,115.92584944760081,113.83815551716462,115.03592998632831,1348900,-0.00423861641883174
2024-01-05,115.06562042236328,116.47325855056653,113.94703957730434,113.94703957730434,1729900,0.00759927629395014
2024-01-08,115.84765625,115.97634770631016,113.86786205264256,115.01614631222132,1351700,0.006773441777416715
2024-01-09,115.31310272216797,115.7486598313991,114.00643894678957,115.2636124021376,1514000,-0.004624958691613684
2024-01-10,114.67957305908203,115.25371516728151,113.80351204504622,114.84785374697371,1090500,-0.005509142960921362
2024-01-11,111.76927947998047,114.125231738869,110.35372639715575,113.83816068824692,1609300,-0.025705176195143706
2024-01-12,111.76927947998047,113.26401858700272,111.60099124181225,112.78887223255695,1556900,0.0
2024-01-16,110.68038177490234,111.69502771606412,110.1755397397335,111.23472923358992,1417000,-0.00979013765362561
2024-01-17,110.78926849365234,110.8684620648256,108.33432820579883,110.10624471114835,1484500,0.0009833106016242273
2024-01-18,110.28443908691406,110.76948654929008,109.13615483047967,110.24484229679747,1614900,-0.004567076652836253
2024-01-19,113.29371643066406,113.45210358668194,110.32402522616628,110.32402522616628,1684200,0.02692086870634412
2024-01-22,116.02582550048828,116.18915941041007,113.17492488298946,113.30360877308783,1876700,0.02382909302653896
2024-01-23,117.49089050292969,119.34199326672778,115.9763491317074,116.54059018279641,1929400,0.01254800299207449
2024-01-24,114.50139617919922,118.31249851820664,114.17472832240315,117.93634033761198,1514600,-0.02577378631940189
2024-01-25,119.33209228515625,119.37168152108136,115.85755152830605,116.7088635946832,1425800,0.04132328120870411
2024-01-26,120.04481506347656,121.17330467805843,118.85694159340085,118.85694159340085,1558800,0.005954834092494795
2024-01-29,119.78744506835938,120.51204439777455,118.79259369187723,119.86663109321677,1801500,-0.0021462508319047813
2024-01-30,120.64864349365234,121.07429950522449,119.48056473298793,120.10420467570687,1285500,0.007163667595535143
2024-01-31,120.76744079589844,122.92541667942595,120.1388540508781,121.5395592909772,1666100,0.0009841706461649919
2024-02-01,126.3405532836914,126.40984577263679,120.76743580904193,120.76743580904193,1937400,0.045114345448409206
2024-02-02,128.39955139160156,131.7256060420831,125.15268276436765,125.72682485872441,3781700,0.01616583263072681
2024-02-05,125.74662780761719,127.12258417684156,124.57854892378116,126.60784100621075,1878000,-0.020877905433829558
2024-02-06,129.68638610839844,130.16648670418604,125.90498784337917,126.46922876853077,2656900,0.030850129363407728
2024-02-07,131.16136169433594,132.44823090547064,129.4884332303239,130.62682392290213,2087600,0.01130921251112691
2024-02-08,129.39932250976562,132.61648739830247,128.85487620001075,131.2108356287894,1228700,-0.013525187430266476
2024-02-09,130.83470153808594,131.17126293634746,128.6866265838195,128.70642875566767,1245300,0.011031559690299493
2024-02-12,127.21166229248047,130.85449122888124,126.6672234556368,130.48823416009725,1206900,-0.028082374723067058
2024-02-13,126.61772918701172,127.50863044721376,125.44965042222627,126.61772918701172,1503700,-0.004679790515638569
2024-02-14,127.37005615234375,128.12732681840913,126.39996123805135,127.00379906426649,1372300,0.005924136584703604
2024-02-15,130.1714630126953,130.29024582606928,127.52843968271182,128.60742384987307,1348900,0.021755850199928862
2024-02-16,129.8349151611328,131.31976090148072,129.17168587633324,129.93389581437683,1295700,-0.002588767567013509
2024-02-20,130.46844482421875,130.7258126404881,128.08278911454016,129.67652409887185,2121200,0.00486763531610754
2024-02-21,130.0724639892578,131.24153214261221,128.82519916635235,130.95347174373083,983400,-0.003039684951273479
2024-02-22,132.0423583984375,132.70558756670331,130.3199322046081,131.06235494433346,1529900,0.015031057608450275
2024-02-23,132.6363067626953,132.79467880591721,130.02297924166163,132.14135825413115,2052200,0.0044880788625737906
2024-02-26,131.87408447265625,133.8340763765477,131.58700587334397,133.3193256880302,1494700,-0.005763285111596213
2024-02-27,154.1863555908203,155.08716551110305,133.63609873424343,133.63609873424343,4888300,0.1563144102515589
2024-02-28,169.10411071777344,169.25258922978077,154.9188845265269,156.87887640817317,8227500,0.09235259292826857
2024-02-29,166.74813842773438,169.57528689993575,161.71946010250934,169.4505528755226,4536900,-0.014030044116870394
2024-03-01,168.27259826660156,168.58935745558057,163.3825046175828,165.35239000167917,4557600,0.009100752244038843
2024-03-04,174.2119903564453,175.24643097948328,167.9063357649794,171.212603450128,3818200,0.034687619902317654
2024-03-05,174.9840850830078,183.70507464636117,173.64771818155066,175.59781634801232,4323800,0.0044221343770869575
2024-03-06,178.16165161132812,178.98326790520218,173.24186248470076,174.9840908108449,2073600,0.017996265883348586
2024-03-07,178.1150665283203,180.5649185567464,174.77256236094277,180.2673627989911,1967800,-0.00026151067920774653
2024-03-08,169.17855834960938,178.36301314073825,167.08577036785388,178.11505255111942,3196900,-0.05147506716940938
2024-03-11,166.54025268554688,169.5653748810868,165.0425610505036,168.92066827274797,2601700,-0.015717677366997983
2024-03-12,166.9965057373047,167.68087943812267,162.86052460444228,165.21120146390155,2617000,0.0027358503962103564
2024-03-13,166.49066162109375,169.91251478691683,165.0822472651494,169.84309369053148,1639000,-0.0030336669813338536
2024-03-14,163.29693603515625,167.01634512408958,161.93811675764653,166.48075687438148,3012300,-0.019368984484980114
2024-03-15,164.16976928710938,167.01635232288683,161.34301220395443,162.84068887996514,4532000,0.005330833973442192
2024-03-18,167.46267700195312,169.68440955656436,164.83430054157932,166.3220642288056,2006800,0.019859431590993282
2024-03-19,171.00355529785156,172.5904940895731,166.88740017345864,167.62136901275522,1922200,0.02092384493477375
2024-03-20,174.27662658691406,175.32797706009976,171.2425751371545,171.50937794552365,1969200,0.018959497276388387
2024-03-21,172.70950317382812,176.3594755444442,170.9638510536967,176.01233982278154,2212100,-0.009032834076442425
2024-03-22,176.7860107421875,176.9149399744628,172.7938356421432,173.5724356284838,1608400,0.023329011609653356
2024-03-25,185.73240661621094,187.5078130279621,178.07538190264387,178.531636076159,3570600,0.04936694140993175
2024-03-26,183.89749145507812,197.2080138101625,182.97507021122507,188.35085386514587,4228700,-0.009928473014122209
2024-03-27,183.38174438476562,188.56907600252256,180.85254318750495,186.54572412530257,2452100,-0.002808475726273536
2024-03-28,183.3420867919922,185.30593064668457,181.83944605401356,183.52061117227555,2050800,-0.00021628042443152748
2024-04-01,184.46282958984375,187.26974515868568,181.9038745998644,184.5124247324788,1977500,0.006094242989215375
2024-04-02,186.59532165527344,186.8333541530944,182.61802381528415,183.1784172110951,1875500,0.011494239037849067
2024-04-03,188.7079315185547,191.63387873613095,185.34558635330907,186.94245323912273,2555800,0.0112582673321399
2024-04-04,181.6162567138672,193.90518305505273,181.46748641230738,191.86199019729273,3747800,-0.038304502405876094
2024-04-05,191.50494384765625,193.26050923813278,179.94005714059296,180.83272443450477,4331400,0.053017643214245555
2024-04-08,190.4138946533203,196.02772612034386,186.5754695103235,193.27536958722519,1663500,-0.005713528909292274
2024-04-09,186.5655517578125,193.2505594989948,183.54042956881554,191.02884232489592,1958600,-0.020417434531063112
2024-04-10,189.52125549316406,192.2488222066447,181.01124553098677,182.00308797225244,3861900,0.015718523139209496
2024-04-11,191.30657958984375,192.69515298782662,188.45006844620468,190.00726838152082,2267300,0.009376085523811192
2024-04-12,190.10643005371094,191.67354285409493,188.7972059620152,190.39407282350723,1801900,-0.006293196439090804
2024-04-15,183.88755798339844,194.40109250958037,183.27262059497062,192.50667006768566,2531500,-0.03325960061164726
2024-04-16,185.12738037109375,186.7391242925528,181.61626488744426,183.52060050468125,2982700,0.00671965779187608
2024-04-17,183.88755798339844,187.4978633817753,181.1401656849426,186.3870048389863,3282900,-0.006719657791876175
2024-04-18,182.36013793945312,186.7321838088006,181.5964150803549,184.6116243469095,1654200,-0.0083409611384003
2024-04-19,179.42430114746094,184.44303688094928,176.20081304130363,181.80473221413558,3442500,-0.016230113405613703
2024-04-22,181.72535705566406,182.35022258078763,176.75623231744854,180.11857728741862,2327500,0.012743121829665282
2024-04-23,186.71432495117188,188.20208849659954,182.46924084563003,182.46924084563003,2387300,0.027083254530994885
2024-04-24,184.64138793945312,192.78440570597684,182.14888746179432,185.20673024717266,2266400,-0.011164274418296587
2024-04-25,186.4762725830078,188.97473578288646,183.89252752923895,184.08594404968557,2908900,0.009888505939537863
2024-04-26,186.83334350585938,187.83511399148207,184.115705081846,185.39021103280297,1826600,0.0019130020570409828
2024-04-29,187.07138061523438,188.86661279327697,184.62152887363544,186.8928411277587,2205500,0.0012732502489380035
2024-04-30,184.4231719970703,187.85493810898777,184.1950524904467,187.0713892987692,2173200,-0.014257293723047475
2024-05-01,183.05441284179688,186.66968227031617,182.419634373868,184.73062875372335,2717000,-0.007449518238481257
2024-05-02,184.66122436523438,185.65306683826964,182.10228410300067,183.49085751152398,3071000,0.008739480119938404
2024-05-03,193.27040100097656,195.6607446976344,186.4663618719776,187.7855140141044,3480200,0.04556732311937636
2024-05-06,196.0872344970703,197.28737042983525,192.53643697869836,196.1368296426796,2708000,0.014469384361233772
2024-05-07,198.9239044189453,203.407036194042,195.7400988686434,197.0790769950486,2797300,0.014362727561179218
2024-05-08,206.30322265625,206.57102434634447,196.49390176128452,196.92038673595883,3992100,0.03642467942793303
2024-05-09,214.14871215820312,214.18837919805793,201.34402218874254,203.7541921356932,4313500,0.037323649137976395
2024-05-10,213.1766815185547,218.7210920821749,210.13173319538686,218.7210920821749,2744700,-0.004549377736628668
2024-05-13,211.84762573242188,216.89115126093972,210.85578328022532,215.2298121266476,1919300,-0.006254042864882715
2024-05-14,215.96377563476562,216.13238703134053,209.05063270362325,212.81963695537988,1951000,0.019243418520738905
2024-05-15,221.48831176757812,222.8868131070659,217.96726841394468,218.34417334824118,2682200,0.025259131323777034
2024-05-16,214.57518005371094,222.96617337261816,214.4760048948216,221.90489474573664,3539800,-0.03170965282744286
2024-05-17,211.3715362548828,215.935999982295,208.19764357493492,214.59502408211245,3057300,-0.015042746367593207
2024-05-20,213.3155517578125,213.48416314931964,209.42751624026766,212.20467798095086,2326200,0.009155112722274811
2024-05-21,220.77418518066406,220.85353438482707,213.74202654737311,214.16851149364697,1881100,0.034367859548755916
2024-05-22,218.31443786621094,222.5743992868171,216.08279239877697,220.2882097502057,1573700,-0.011203993527452208
2024-05-23,219.3558807373047,226.1896746393201,218.93930872278344,221.95450312354842,2658300,0.004759037990075495
2024-05-24,228.7486114501953,234.37235589199256,219.83194306380807,221.4883180114855,2672000,0.04192819688629253
2024-05-28,229.38339233398438,232.8647536526928,220.01048483414345,230.84140184888338,2602200,0.002771171997474278
2024-05-29,219.27398681640625,227.35992536145446,217.43626730993864,225.27386620046147,3809400,-0.045072776751802324
2024-05-30,223.4659423828125,223.79373736033847,218.53887738699214,220.8534045891209,2037800,0.018936990147680438
2024-05-31,215.8071746826172,222.98915374327356,206.6186068307681,222.57194491375935,5618300,-0.03487372018870941
2024-06-03,206.87684631347656,215.7574741819854,202.69481530317296,214.06876767727388,4922600,-0.04226162830913318
2024-06-04,201.79086303710938,207.11526567712136,195.53270089882884,205.61529966535002,4666700,-0.024891841293762228
2024-06-05,207.9397735595703,211.43640034475033,203.0921783681242,203.13192120335435,4502200,0.03001665800331933
2024-06-06,201.2544708251953,208.4165782843853,194.90690958632769,208.10863952460062,4842100,-0.032678356246802674
2024-06-07,196.6850128173828,202.64516472093987,196.20820490918427,200.73791793069563,4558700,-0.022966601939442055
2024-06-10,213.20455932617188,213.34362892267225,196.81612819364113,198.20483853279848,5719100,0.08064854787726576
2024-06-11,216.86013793945312,218.10183632915496,209.05233785870996,209.75762921333907,3701900,0.017000542849673443
2024-06-12,216.6813201904297,220.29714495358004,210.7410247415437,219.8004656445899,3137900,-0.0008249165370945268
2024-06-13,218.46934509277344,218.89649716379068,212.6979341716273,218.8468262033307,2238200,0.008218004052053404
2024-06-14,213.4727783203125,217.416413567351,209.55895777909438,217.3468863403058,2373800,-0.023136385107828034
2024-06-17,210.6118927001953,213.2939578643073,207.32387818929757,212.44959699900852,3321100,-0.01349225386031451
2024-06-18,218.9461669921875,219.73091359658164,207.72618371472484,211.3767643492004,2714700,0.038808818111811444
2024-06-20,220.8335418701172,226.25728634629672,217.8335947364996,222.33352301565043,3075100,0.008583326730817728
2024-06-21,216.6813201904297,223.0884802449128,214.30719369975472,221.51897180960995,5511600,-0.018981509926540206
2024-06-24,214.66477966308594,219.38323257655426,213.920746016128,216.5521547654941,2474100,-0.009350056574536282
2024-06-25,220.89315795898438,220.9825717570691,212.75754819733186,215.0621475389138,2221900,0.028601489461369523
2024-06-26,208.9132537841797,220.72428744315405,206.07224745890113,219.10512316212973,4237000,-0.055760024327640705
2024-06-27,203.41998291015625,206.53912846141975,199.92335622192488,206.2113182883871,4733600,-0.02664638895714241
2024-06-28,198.93994140625,205.92325151462074,198.11545190650216,203.88686324728693,10579100,-0.022269745990376576
2024-07-01,203.6881866455078,212.17146253201503,201.79086805671884,206.80733208431113,4168400,0.0235873504710052
2024-07-02,204.78086853027344,210.3933536929064,201.75113693802078,202.10874663892739,1905300,0.005350145756868231
2024-07-03,208.6748504638672,211.0191622321538,200.66836733556246,203.94645377982602,1612700,0.018836827715987103
2024-07-05,209.88673400878906,211.3469723778844,206.688133229882,208.60530807134288,1601600,0.005790722208299366
2024-07-08,214.29725646972656,214.99260449047625,209.84701397947856,210.42316381308544,1634400,0.020796076763164684
2024-07-09,214.52574157714844,220.8931590293304,213.63170969411988,215.59855558486242,1773200,0.0010656384106474761
2024-07-10,218.09188842773438,218.49916910042305,212.32047726079614,216.73097680892707,2584300,0.016486742008959908
2024-07-11,215.39987182617188,219.0782815748223,213.76083622471904,218.10180838862007,2438200,-0.01242031085755727
2024-07-12,215.6978759765625,219.6713101956444,210.89698147819175,214.82371559798094,1760700,0.0013825365563926283
2024-07-15,211.46617126464844,218.1911976804126,210.23241559017833,215.55880360717535,2164300,-0.01981366727399591
2024-07-16,203.5193328857422,213.5820460899905,202.70477148585408,212.71782888165373,4049600,-0.038304036688443566
2024-07-17,185.4302520751953,201.71139927692286,184.5362353787351,200.7875830344106,6748700,-0.09308219051851069
2024-07-18,186.0361785888672,191.55924942134394,176.88735529590022,189.1056527147839,5484900,0.0032623515938803326
2024-07-19,188.04278564453125,188.67853454099264,185.16203661568332,186.7712878516085,2827000,0.01072835681124533
2024-07-22,189.1553497314453,195.51285409911225,187.35737302468627,190.96326972533666,1868800,0.005899113537220801
2024-07-23,188.60899353027344,190.88577885036398,187.04942840188943,188.41032484071138,1856600,-0.00289257888874244
2024-07-24,173.91722106933594,187.03947935234535,173.53973996058372,187.03947935234535,4910100,-0.08109660976783137
2024-07-25,169.29811096191406,175.66554367851643,164.7683978489793,175.5264740709246,5542000,-0.026918313889388562
2024-07-26,173.8774871826172,175.89401913775058,170.30140522437438,175.36752512124747,3469300,0.026689823426774412
2024-07-29,171.5331573486328,175.97347154403056,169.99147800456223,174.88078616845954,2100100,-0.013574369341884438
2024-07-30,167.5696563720703,173.8675459468217,164.64917980730996,172.31790903265056,3517100,-0.023377461471066324
2024-07-31,188.5394744873047,195.19497439972383,181.78463264707105,191.99635833945803,7483700,0.11790827493233473
2024-08-01,176.39068603515625,192.97977088610725,175.44698328115427,187.0414765920763,4482100,-0.06660605676533413
2024-08-02,165.97035217285156,174.16556039897168,160.36582480239252,173.3112714200115,6099200,-0.06089217088743673
2024-08-05,168.84115600585938,171.6126197247281,154.5665983194471,155.20234719286728,5430800,0.017149196607294248
2024-08-06,179.837646484375,182.60912565470966,167.2716654042171,172.48679840828626,6322100,0.06309611225589959
2024-08-07,178.46681213378906,188.82753519670428,175.72513265984443,188.82753519670428,6154900,-0.007651822388365109
2024-08-08,185.78787231445312,186.38389358417146,175.24833613566946,182.03297772459905,3338800,0.040202893941222735
2024-08-09,188.60899353027344,188.83747692284675,181.8541671404671,185.83752969087666,3204000,0.015070503347780892
2024-08-12,186.4324951171875,189.91572645510544,182.81988175587102,189.08970120126003,2232300,-0.011606837715280548
2024-08-13,188.5025177001953,189.93562091782547,186.17373256438754,188.43284578943275,2349000,0.011042146212970788
2024-08-14,185.25811767578125,188.98020416774187,181.33700764058963,188.05466724474147,2327900,-0.017361279970275402
2024-08-15,189.4778289794922,191.65733898205383,184.60131126062558,185.506939852518,4241900,0.022521936879742327
2024-08-16,189.06979370117188,190.44318692344652,184.93968259729166,190.3038582766711,2572300,-0.0021557944728738832
2024-08-19,191.8563690185547,191.95589598204518,184.67095960219984,188.70155865264329,2025100,0.014630788314256057
2024-08-20,189.80624389648438,192.57292344219462,188.73042938560948,192.0753189888556,2507000,-0.01074323117295103
2024-08-21,195.79739379882812,196.38456337331434,190.06498112791172,190.56258555083534,2404200,0.03107663660442312
2024-08-22,194.01596069335938,197.85547810624732,193.77712029013713,194.63300050160765,1520300,-0.009139992186440443
2024-08-23,194.0557861328125,196.38457128130662,191.59761896973012,194.0756793768396,2683300,0.00020524781779994114
2024-08-26,193.9562530517578,197.04140657507097,192.15492745476917,194.56333106044787,1953400,-0.0005130412110255895
2024-08-27,195.2002716064453,197.34992645923776,192.64259264876526,193.95626049057225,1703200,0.00639343150325254
2024-08-28,192.8416290283203,196.5039904194678,191.48814434340008,196.245241577381,2493200,-0.012156788338337348
2024-08-29,193.50840759277344,198.15603101278495,191.38860792263054,194.97136578967746,2463800,0.0034516845516126883
2024-08-30,195.75758361816406,196.86226608216168,194.21500681734832,194.32448040155285,2239400,0.011556113847113624
2024-09-03,176.92823791503906,194.86190663502825,176.33110649776935,194.56334092639338,4252300,-0.10113286061049666
2024-09-04,176.6694793701172,181.87441740557443,175.15675766556006,176.82870124505854,3310400,-0.0014635761401297894
2024-09-05,175.22645568847656,178.88881751452735,174.27104836803312,177.11734671171388,2444900,-0.008201468823622254
2024-09-06,172.28060913085938,175.79369524826586,171.11621656822751,174.96767005890842,3390300,-0.01695457400827699
2024-09-09,174.08192443847656,175.50508094326827,170.2205093692955,175.50508094326827,2184400,0.01040142263265181
2024-09-10,179.3863983154297,180.33682460590148,173.02701426135576,176.00269424117295,2301800,0.030016110595647082
2024-09-11,186.35287475585938,187.24855673114692,178.28671051708307,180.6602783815734,2846900,0.038099923343654495
2024-09-12,189.02001953125,190.76163511033525,183.30753015068734,186.10406473653785,2154600,0.014210880441614957
2024-09-13,195.04103088378906,196.8622649455774,188.2736075031313,190.5327358992096,2613600,0.031357018322404395
2024-09-16,198.2953643798828,198.57402164445796,191.76679672009618,194.06572674568207,2264000,0.016547707230771674
2024-09-17,200.26588439941406,203.71926052665935,197.30016610416484,199.04178169398722,2881700,0.009888247197000606
2024-09-18,199.3701934814453,203.97104515156437,197.46934090727046,200.99238878864693,1796000,-0.004482540327640807
2024-09-19,207.5010528564453,207.64038149314226,201.49994448509193,204.127295338293,3432600,0.039973048346392245
2024-09-20,253.7583465576172,254.01711057565544,231.88366043861748,234.03331518424298,15031400,0.2012460089880942
2024-09-23,255.88807678222656,270.5475130526523,250.90208625877673,258.3163886363506,10270000,0.008357726157379548
2024-09-24,252.2755126953125,258.1970026875237,249.8850128694579,252.8626823091209,4562700,-0.01421835417435774
2024-09-25,261.6006164550781,265.81036135084537,252.02672616562748,253.22097389787365,6246200,0.03629718142396175
2024-09-26,255.53977966308594,268.8258246222248,253.28066638189773,262.5659521043244,4072200,-0.023440885137527005
2024-09-27,255.76870727539062,261.1428296808334,254.11665672780256,255.9478376022529,2598100,0.0008954579610929155
2024-09-30,258.7742004394531,259.86893627493845,250.07110369723253,256.5150872295514,2899300,0.011682319591011375
2024-10-01,264.33740234375,264.725548365096,252.74324075237575,257.85861352313117,3179800,0.02127045785578923
2024-10-02,264.1085205078125,268.4277231256426,260.3963806896223,263.64077114933474,3233600,-0.0008662451174371903
2024-10-03,276.04107666015625,278.17083819897596,266.71597450065246,270.8460851956994,4274200,0.04418960190926468
2024-10-04,284.15203857421875,284.6297497872737,274.27958314200964,276.57851330673606,3829200,0.02895975888427561
2024-10-07,277.22540283203125,287.36956086167436,272.6872524472894,283.63455090320247,3477000,-0.024678538081213987
2024-10-08,278.0514221191406,280.05177130503637,271.79154979242986,277.5538176817218,2599100,0.002975164311896074
2024-10-09,261.0234069824219,274.7274235417771,256.26630932895654,274.7274235417771,5235800,-0.06319598301057738
2024-10-10,261.05322265625,266.47712286365095,257.7889389476096,259.80921163357664,2733500,0.00011421953088056715
2024-10-11,264.94451904296875,265.62125381725883,247.85678376394833,255.16162875431368,4477700,0.01479613720753451
2024-10-14,270.4380798339844,271.5129225456269,263.9393663775359,266.2880753749773,2229300,0.02052272007699741
2024-10-15,264.8748474121094,268.507353887997,261.0831038648015,268.507353887997,3000900,-0.02078572152870788
2024-10-16,278.4594421386719,278.89733649077704,262.85457364787266,266.93493627174405,2469300,0.05001497858545112
2024-10-17,269.9006652832031,283.63453592690723,269.24382376596645,283.63453592690723,3209900,-0.031218434152934266
2024-10-18,268.8656311035156,271.2740195532458,263.7303497061825,266.49702914107576,1708800,-0.0038422427682088646
2024-10-21,272.4085693359375,272.80664680414765,266.7259352709753,271.77162108971004,1650900,0.013091290251849696
2024-10-22,264.7255554199219,270.1245513095457,264.5762801659504,269.07461325668805,2134100,-0.02860938301353475
2024-10-23,264.7752990722656,266.6423178975997,261.35177824150566,263.7303419414205,2633700,0.0001878888468945636
2024-10-24,263.2327575683594,266.51693483370946,261.31201165481446,266.5070033971051,1553700,-0.00584288770956756
2024-10-25,263.1432189941406,268.4476696745084,261.8295358067426,267.71122472310446,2016200,-0.00034020768070421357
2024-10-28,265.7008972167969,269.8907184051202,263.74033436444984,265.6113320555872,1542500,0.00967278669152031
2024-10-29,263.7303771972656,265.94970413529717,260.44619974297876,265.00424346472226,1829700,-0.0074439467935277
2024-10-30,260.5257873535156,266.7159879911499,260.1774581605973,265.60135887090394,1831000,-0.012225434716243799
2024-10-31,261.7001037597656,262.9242215465306,258.1074144846881,260.4859477800732,2290900,0.004497357965452764
2024-11-01,256.8634338378906,263.5014604687604,255.58956760781143,261.47125609578103,2804500,-0.018654648204707976
2024-11-04,224.86744689941406,234.36970556408298,223.60352735014735,231.38606820202705,10719400,-0.1330334541042698
2024-11-05,232.63006591796875,235.72516601204794,225.91240626044453,229.24636194252554,6347400,0.03393838820094732
2024-11-06,233.86415100097656,240.84056010579013,232.64003308823467,237.6758030100568,4790100,0.005290903583059083
2024-11-07,240.43251037597656,247.16013214323772,237.25481521605295,241.35806253363123,4154900,0.027699032532065553
2024-11-08,238.22314453125,246.81180201731942,235.69532066003092,242.08455984158448,5162100,-0.00923161154672037
2024-11-11,236.1332244873047,242.74141110271415,233.1674909746892,240.8306118003204,3382100,-0.008811660191122837
2024-11-12,227.60427856445312,234.8493983380531,224.6087051610726,234.31199219918147,4460000,-0.03678765559982707
2024-11-13,224.87741088867188,231.65478110301237,224.5290816975974,229.89325708891135,2979500,-0.012053087458962483
2024-11-14,224.30020141601562,230.4306770999765,224.04143736624934,227.10668280107163,2513200,-0.002570073728357611
2024-11-15,223.5555877685547,227.014381092409,220.94405507923105,224.12375400313496,2717400,-0.003325241524421704
2024-11-18,229.5362091064453,231.29051894355138,220.46559544082513,225.26007222434126,3293200,0.026400692962570346
2024-11-19,233.82232666015625,234.13132295073333,225.36972065962686,225.57404514119864,2197500,0.018500748235726762
2024-11-20,234.65960693359375,240.70003109542577,231.39020233636782,237.37082272780611,2567600,0.003574443771968369
2024-11-21,251.0265655517578,251.3754411527954,233.35383683729253,236.54349795297802,3586400,0.06742278943527456
2024-11-22,249.08287048339844,252.4120788441885,244.23856736789097,250.39861426737772,2471600,-0.007773118101849455
2024-11-25,248.12596130371094,254.78439314820332,242.21512220639656,252.68120773383345,3459600,-0.0038491285751903223
2024-11-26,265.8684997558594,266.2672017121055,248.3951059080109,248.74398152685478,3881600,0.0690652990186964
2024-11-27,252.57156372070312,265.1408347272432,250.03977447225634,264.14406467187763,2298200,-0.05130719548911524
2024-11-29,255.73130798339844,259.9466521941233,254.37570017916934,257.146734763427,1185700,0.01243268586139672
2024-12-02,248.7738800048828,257.60526357933605,248.70409879826818,256.16991222130684,1908400,-0.027582943646185965
2024-12-03,246.71055603027344,253.35901061191643,245.78356716017456,250.65876084111596,1784600,-0.008328559895697628
2024-12-04,253.3789520263672,256.8277832053163,250.18929080304991,251.86385724172732,2701200,0.02667039063429333
2024-12-05,255.26284790039062,258.9210075036267,252.28251507468394,252.9005076615119,2118200,0.007407588164289975
2024-12-06,252.81080627441406,257.73485302032856,249.61116754927977,255.62170526747641,1329700,-0.009652382655743327
2024-12-09,239.07530212402344,253.17959222103963,235.5666672959999,252.9702638187539,3262400,-0.05586283374227119
2024-12-10,231.5895538330078,238.72643116659924,229.96482896544327,237.11166852428823,2771500,-0.03181193362186731
2024-12-11,235.8358154296875,238.67460868823662,231.37027436105203,234.01172429303816,2386700,0.01816922525046364
2024-12-12,238.24798583984375,247.32856176495295,238.14830274927226,242.17526234009466,2822000,0.010176222936913382
2024-12-13,238.29783630371094,242.6337771347726,235.73612983329005,241.20840318518012,2004800,0.00020921582661161144
2024-12-16,238.52708435058594,242.91286664019916,236.48171018962216,239.27466191423622,1974400,0.0009615607515813245
2024-12-17,233.48342895507812,237.31102241102093,228.1208010590043,236.8923808026682,2506500,-0.021371758581069884
2024-12-18,225.0308074951172,236.22454642992184,224.04401485127283,233.56317214489522,3173700,-0.03687379148617664
2024-12-19,224.44271850585938,233.03487178267912,224.25332975594264,228.1208025578079,3626800,-0.002616791827866886
2024-12-20,226.2867431640625,230.95161974191336,218.9305752579856,221.10354189661575,4985400,0.008182446915518251
2024-12-23,227.54266357421875,228.619177042842,220.9839148841552,226.26679913944386,1935200,0.0055347828838058655
2024-12-24,229.0477752685547,229.36674897421418,226.4222955792238,228.50453743501282,978400,0.0065928544184068886
2024-12-26,227.90150451660156,229.48636525203054,226.58477212712447,227.83173852177023,920500,-0.0050170695394824725
2024-12-27,225.80828857421875,227.44299090676245,222.02057441529138,227.44299090676245,1466000,-0.009227179248722213
2024-12-30,225.58901977539062,228.26035638359699,221.53215810591453,222.79806041089543,1587100,-0.0009715114025642705
2024-12-31,222.98744201660156,226.2967107840576,222.16012102236147,225.61891442800803,1885700,-0.011599391183510421
2025-01-02,241.81642150878906,242.9327991037263,224.41081720538025,225.64880999444713,4552500,0.08106339342840937
2025-01-03,251.5847625732422,253.358023484374,243.5607755820137,249.69090550154323,4576600,0.039601111406850326
2025-01-06,263.4263916015625,266.9549661495223,250.69763361091262,257.04706926839253,4116000,0.0459940193128139
2025-01-07,254.80433654785156,264.6225277705492,248.75393495357397,262.6489120912784,3112400,-0.03327803722386111
2025-01-08,243.0524139404297,255.16317960208684,227.3134209862972,254.68471901031702,8414200,-0.04721882766196637
2025-01-10,304.2042541503906,308.99871565985023,279.2251991179892,281.5775618360823,14707200,0.22442224913291242
2025-01-13,278.33807373046875,299.4895365255051,277.95929622441946,296.534116821423,6920600,-0.08886289703802808
2025-01-14,287.93695068359375,293.44908767500675,280.4910774207116,282.97801375247553,4852400,0.03390506752700492
2025-01-15,299.79852294921875,304.1225241664098,292.073554908106,296.1304163928395,4140700,0.04036912393755961
2025-01-16,314.2217712402344,319.47476871161746,301.4930290409626,301.4930290409626,5269100,0.04698835557734765
2025-01-17,315.3381652832031,319.12590980708404,310.03537162018347,319.12590980708404,2820000,0.003546589128043641
2025-01-21,322.5946960449219,329.2730375935203,317.3018187253993,324.94705892558966,4032300,0.022751120707060524
2025-01-22,331.3961486816406,335.3612968839472,317.9696545291208,327.9373552980588,4576600,0.026917759284290313
2025-01-23,345.1017150878906,350.8630445457741,331.92441430040554,332.0539992691255,4853500,0.040524716354352425
2025-01-24,346.31781005859375,348.869539111143,340.8455518791906,346.62680635971424,3226600,0.0035176797312716115
2025-01-27,274.11175537109375,301.6923951958865,269.5664865155518,291.51535139478744,16083200,-0.23382099010052396
2025-01-28,277.89947509765625,283.4514915232808,258.2531461185714,280.6405927087734,9989300,0.013723558378242429
2025-01-29,290.9472351074219,293.23979413843585,275.1683476057698,278.1287559790059,6638500,0.04588248014632857
2025-01-30,307.5533752441406,309.6864776723944,297.8249206053296,300.02777381602573,6023100,0.055506722137730106
2025-01-31,299.0110778808594,310.99224242337925,296.98264726477225,310.99224242337925,4719900,-0.02816802774025391
2025-02-03,305.32061767578125,307.65305583626656,283.10260575590536,284.47815322929563,3723500,0.02088180749906016
2025-02-04,305.3405456542969,306.0981006006318,292.5519997318143,297.26372137723683,2996300,6.526689339157713e-05
2025-02-05,312.81634521484375,317.34168995891457,301.87182905091805,309.527016072256,3578600,0.02418856496352096
2025-02-06,310.79290771484375,315.5574676175128,304.8820682710093,314.30654668310353,2480100,-0.006489463046278649
2025-02-07,308.7894287109375,318.57768832047077,308.3059793774644,313.46428307869786,2298000,-0.006467214667208473
2025-02-10,320.7904968261719,320.9599611216868,311.56541542105435,311.62023047410014,2729800,0.03812866807815916
2025-02-11,312.567138671875,318.12913258155544,308.44052648570005,316.2851019065681,2642900,-0.025968962342922914
2025-02-12,312.78643798828125,316.40471823475497,302.8087902026514,304.44347731101175,1766400,0.0007013610654216997
2025-02-13,310.4839172363281,316.71175329664374,304.1045945050458,315.33818288951477,2707200,-0.0073885472245358704
2025-02-14,316.2751159667969,317.1622558879316,305.23091750202934,310.1798770133851,2193000,0.018480351273380897
2025-02-18,324.54833984375,328.5055182258267,314.7949410895344,322.79401479204597,3253000,0.025822037245546353
2025-02-19,320.6260681152344,328.8225007544854,317.1024821023131,322.7641290647764,3079100,-0.012158944937613402
2025-02-20,308.42059326171875,320.9599467407037,303.19749766710055,316.4645042122097,3860000,-0.038811133293995326
2025-02-21,283.5212707519531,309.4572160718376,276.8728012443866,308.9987103737663,6478000,-0.08417726451836474
2025-02-24,266.85528564453125,289.0732991293384,261.80165406468933,289.0732991293384,7221400,-0.06058063932759356
2025-02-25,263.456298828125,267.18420921329056,247.7571699836964,263.9247819850048,5094600,-0.012819004755733682
2025-02-26,269.2674560546875,279.0457670906994,267.1841800350632,271.8690110922477,4724900,0.021817640701316147
2025-02-27,248.93336486816406,279.69369009759026,247.98642112603062,275.4972965846274,5131000,-0.07851989639939817
2025-02-28,249.7357635498047,250.7265563171176,240.82962511591586,245.6240868762664,6029600,0.0032181634210832312
2025-03-03,231.5397186279297,248.9154217342678,228.49958200640626,248.5745311072131,5315000,-0.07565198354364866
2025-03-04,230.9017791748047,238.85601523405984,220.53537659601403,226.7651894942065,5525500,-0.002759007834845877
2025-03-05,228.57931518554688,232.78567080415263,222.69836276435606,229.90500596779353,3840200,-0.01010915920778219
2025-03-06,207.0191650390625,222.06042078363762,204.0487946789911,219.47879011763766,7710800,-0.09907188880464175
2025-03-07,212.25003051757812,215.84512522667595,202.82292206322413,207.81610069365337,4986200,0.02495359526329516
2025-03-10,201.9341278076172,207.9558997464379,195.2931913846092,203.33221166616033,7689500,-0.04982342471597436
2025-03-11,208.29544067382812,211.3512635443466,199.65224972100938,203.71170636805041,5051000,0.03101591550286799
2025-03-12,215.05621337890625,224.02395808560945,209.7135060579552,219.12065292971252,7320400,0.031941991770268637
2025-03-13,209.5836639404297,216.47425923099146,203.4420606430324,216.47425923099146,3654300,-0.025776441335934007
2025-03-14,216.16468811035156,217.20326252299552,208.74481701168298,213.53827137012956,3829900,0.03091755193203765
2025-03-17,218.24183654785156,221.76203649078658,214.06754668629443,216.61407073825416,3547600,0.009563227760605182
2025-03-18,210.56234741210938,217.83739704298318,208.9645241667804,217.6226940205463,2716500,-0.03582199338802338
2025-03-19,217.7525177001953,220.06934460329734,210.8319643669453,210.8319643669453,3091900,0.03357738151022032
2025-03-20,219.140625,222.12653605274798,213.70804424103102,216.76386710845813,2250500,0.00635446902242387
2025-03-21,222.1764678955078,222.51601561685135,212.2600226361543,215.48061364944337,3733500,0.013758319505246638
2025-03-24,228.30809020996094,230.83463732688622,226.29085705535374,227.9286190035342,2773600,0.027224023121130623
2025-03-25,226.56048583984375,230.5570249809317,221.69713465399062,228.9971594876298,2849900,-0.007684034734332476
2025-03-26,216.6739959716797,225.79154508017447,213.70804662886746,223.69440394797343,4059000,-0.04461805371223741
2025-03-27,208.91458129882812,217.2531953256257,207.23688066992815,211.67082552912265,4178300,-0.036468434707096875
2025-03-28,205.1097869873047,215.1211038419099,203.61183342873204,209.61362853441,5572000,-0.0183800844397218
2025-03-31,201.35491943359375,203.2822790047311,195.28321259829585,198.7085257072806,4518500,-0.01847626281493388
2025-04-01,206.6576690673828,207.47654239731537,197.81973724652812,200.67583588716622,2863100,0.025994532403266532
2025-04-02,214.16741943359375,215.04620848985303,201.99404778370666,202.5532813389548,3179100,0.035694391307570725
2025-04-03,189.98046875,203.76862400711397,189.52108960468254,200.19650810823163,5557500,-0.11983677213613902
2025-04-04,170.7267608642578,182.74034675647067,164.85477824794472,179.82433242834793,9358600,-0.10685688199131017
2025-04-07,179.54470825195312,189.53106538842684,161.12987849219186,161.30962560642197,7458400,0.050359859124144736
2025-04-08,184.68768310546875,193.03627790975028,181.7417109288345,188.68222578238868,6895700,0.028241951077123097
2025-04-09,215.15606689453125,217.60272140719772,182.36087288675986,185.87607495425667,7984300,0.15269745829387213
2025-04-10,204.21102905273438,211.18650034353814,199.27776603261913,208.71487077860266,4048600,-0.05220974202378636
2025-04-11,207.96588134765625,208.2454981203465,197.72986557904412,204.21101665869355,2960700,0.018220118960157388
2025-04-14,206.41799926757812,216.91367038578454,203.59185836523372,214.67672089824734,3427300,-0.007470798705202143
2025-04-15,208.13565063476562,211.71076826707758,206.06848266080868,206.31814158565194,1986000,0.008286798087471604
2025-04-16,203.9114227294922,207.11703474148246,201.16517459882272,204.77025002714765,2433300,-0.02050433640176034
2025-04-17,206.3980255126953,208.53512060490692,203.32623322012248,208.06576059242687,1962800,0.012120770002501294
2025-04-21,192.34722900390625,204.5904975959851,187.74950619156982,203.21239064726012,3290900,-0.07050424416301809
2025-04-22,200.60594177246094,202.14383402643693,195.58280548359124,197.28048310467344,2457800,0.042040272007298055
2025-04-23,209.51377868652344,217.04348536750464,207.9858672424174,212.9590688989591,2976100,0.0434470114947585
2025-04-24,217.77249145507812,219.88959423416924,209.28408812038174,209.28408812038174,2336500,0.038661394076735384
2025-04-25,222.68577575683594,223.63947465974096,216.20462470831654,217.8124287625485,2710400,0.02231079979053755
2025-04-28,224.51329040527344,225.18237451066844,219.3902842736422,222.03666284259043,2396300,0.008173205000045881
2025-04-29,226.14105224609375,227.04981439434076,220.19917285165917,224.0039724478913,2038900,0.007224024116459077
2025-04-30,223.13516235351562,223.56956644320255,216.45428710916428,219.2504701055736,2185200,-0.013381232511294867
2025-05-01,240.2867431640625,243.64714266425003,229.99579397823516,231.88321491023348,4557800,0.07405527630532475
2025-05-02,246.9226531982422,250.2980466789049,241.23343473985946,243.9467231330855,3316000,0.02724216927743706
2025-05-05,247.93128967285156,249.65892516838474,241.13058298934018,242.93811116948385,3117800,0.004076507365155051
2025-05-06,273.4464416503906,279.50816781795334,255.77057711997185,258.47687140261223,7195600,0.09795412690350061
2025-05-07,267.75421142578125,278.1400170922666,264.2989402767964,276.9815959694281,5165600,-0.02103633875813947
2025-05-08,270.2208251953125,273.60621478148585,264.7083672089468,271.37924624208824,2862300,0.00917005766582284
2025-05-09,270.999755859375,274.5748886108831,265.6970029099512,271.69881301608876,3245900,0.002878424173568338
2025-05-12,284.89080810546875,291.5916455150233,283.06331807593375,285.96932131576165,4744900,0.04998805740993383
2025-05-13,291.1222839355469,295.76596457082036,278.8091185023379,280.0873710479846,3651100,0.021637421212386643
2025-05-14,287.7568664550781,291.6016199364146,282.54398696183466,291.1222638364127,3129300,-0.011627488724466633
2025-05-15,284.0119934082031,288.32610704400014,282.89352627505804,284.2216983766819,2187300,-0.013099442309127712
2025-05-16,291.1199951171875,291.1700134277344,284.20001220703125,286.5899963378906,2104900,0.02471906895129048
2025-05-19,294.0199890136719,294.3699951171875,282.0,283.3500061035156,1972700,0.009912218338502032
2025-05-20,292.3999938964844,293.0299987792969,289.6700134277344,292.55999755859375,1481300,-0.0055250478681316
2025-05-21,287.1099853515625,292.2070007324219,285.2099914550781,288.2699890136719,2040900,-0.01825734043232067
2025-05-22,291.4700012207031,295.20001220703125,282.7200012207031,285.19000244140625,2390800,0.015071722161010206
2025-05-23,297.489990234375,302.6000061035156,293.1099853515625,298.6449890136719,5373300,0.02044348941817122
2025-05-27,309.05999755859375,310.260009765625,296.2650146484375,303.8599853515625,3611500,0.038154846757463994
2025-05-28,308.04998779296875,313.0849914550781,306.6600036621094,309.45001220703125,2512000,-0.0032733570722980904
2025-05-29,303.3699951171875,314.5,300.1000061035156,313.8800048828125,2710600,-0.015308901270659167
2025-05-30,306.1499938964844,306.5,299.260009765625,301.44000244140625,3656100,0.00912199142447212
